,,,,,,,,,,,,,,,,,,,,,,,,,,,,,,,,,,,,,,,,,,,,,,,,,,,,,,,,,,,,,,,,,,,,,,,,,,,,,,,,,,,,,,
mm/dd,2023:BON:WStlhd (fish/day),2022:BON:WStlhd (fish/day),2021:BON:WStlhd (fish/day),2020:BON:WStlhd (fish/day),2019:BON:WStlhd (fish/day),2018:BON:WStlhd (fish/day),2017:BON:WStlhd (fish/day),2016:BON:WStlhd (fish/day),2015:BON:WStlhd (fish/day),2014:BON:WStlhd (fish/day),2013:BON:WStlhd (fish/day),2012:BON:WStlhd (fish/day),2011:BON:WStlhd (fish/day),2010:BON:WStlhd (fish/day),2009:BON:WStlhd (fish/day),2008:BON:WStlhd (fish/day),2007:BON:WStlhd (fish/day),2006:BON:WStlhd (fish/day),2005:BON:WStlhd (fish/day),2004:BON:WStlhd (fish/day),2003:BON:WStlhd (fish/day),2002:BON:WStlhd (fish/day),2001:BON:WStlhd (fish/day),2000:BON:WStlhd (fish/day),1999:BON:WStlhd (fish/day),1998:BON:WStlhd (fish/day),1997:BON:WStlhd (fish/day),1996:BON:WStlhd (fish/day),1995:BON:WStlhd (fish/day),1994:BON:WStlhd (fish/day),1993:BON:WStlhd (fish/day),1992:BON:WStlhd (fish/day),1991:BON:WStlhd (fish/day),1990:BON:WStlhd (fish/day),1989:BON:WStlhd (fish/day),1988:BON:WStlhd (fish/day),1987:BON:WStlhd (fish/day),1986:BON:WStlhd (fish/day),1985:BON:WStlhd (fish/day),1984:BON:WStlhd (fish/day),1983:BON:WStlhd (fish/day),1982:BON:WStlhd (fish/day),1981:BON:WStlhd (fish/day),1980:BON:WStlhd (fish/day),1979:BON:WStlhd (fish/day),1978:BON:WStlhd (fish/day),1977:BON:WStlhd (fish/day),1976:BON:WStlhd (fish/day),1975:BON:WStlhd (fish/day),1974:BON:WStlhd (fish/day),1973:BON:WStlhd (fish/day),1972:BON:WStlhd (fish/day),1971:BON:WStlhd (fish/day),1970:BON:WStlhd (fish/day),1969:BON:WStlhd (fish/day),1968:BON:WStlhd (fish/day),1967:BON:WStlhd (fish/day),1966:BON:WStlhd (fish/day),1965:BON:WStlhd (fish/day),1964:BON:WStlhd (fish/day),1963:BON:WStlhd (fish/day),1962:BON:WStlhd (fish/day),1961:BON:WStlhd (fish/day),1960:BON:WStlhd (fish/day),1959:BON:WStlhd (fish/day),1958:BON:WStlhd (fish/day),1957:BON:WStlhd (fish/day),1956:BON:WStlhd (fish/day),1955:BON:WStlhd (fish/day),1954:BON:WStlhd (fish/day),1953:BON:WStlhd (fish/day),1952:BON:WStlhd (fish/day),1951:BON:WStlhd (fish/day),1950:BON:WStlhd (fish/day),1949:BON:WStlhd (fish/day),1948:BON:WStlhd (fish/day),1947:BON:WStlhd (fish/day),1946:BON:WStlhd (fish/day),1945:BON:WStlhd (fish/day),1944:BON:WStlhd (fish/day),1943:BON:WStlhd (fish/day),1942:BON:WStlhd (fish/day),1941:BON:WStlhd (fish/day),1940:BON:WStlhd (fish/day),1939:BON:WStlhd (fish/day),Avg38-47:BON:WStlhd (fish/day)
1/1,2,5,1,2,2,4,3,8,9,0,2,12,3,5,0,18,4,1,0,0,-3,NA,NA,NA,NA,NA,NA,NA,NA,NA,NA,NA,NA,NA,NA,NA,NA,NA,NA,NA,NA,NA,NA,NA,NA,NA,NA,NA,NA,NA,NA,NA,NA,NA,NA,NA,NA,NA,NA,NA,NA,NA,NA,NA,NA,NA,NA,NA,NA,NA,NA,NA,NA,0,0,0,0,0,0,0,0,0,NA,0,0,0.0
1/2,2,9,4,1,7,1,1,9,11,0,2,5,1,33,0,-1,13,0,1,-5,-2,NA,NA,NA,NA,NA,NA,NA,NA,NA,NA,NA,NA,NA,NA,NA,NA,NA,NA,NA,NA,NA,NA,NA,NA,NA,NA,NA,NA,NA,NA,NA,NA,NA,NA,NA,NA,NA,NA,NA,NA,NA,NA,NA,NA,NA,NA,NA,NA,NA,NA,NA,NA,0,0,0,0,0,0,0,0,0,0,0,0,0.0
1/3,1,7,4,5,4,1,2,2,10,0,7,10,1,14,1,1,20,0,0,4,4,NA,NA,NA,NA,NA,NA,NA,NA,NA,NA,NA,NA,NA,NA,NA,NA,NA,NA,NA,NA,NA,NA,NA,NA,NA,NA,NA,NA,NA,NA,NA,NA,NA,NA,NA,NA,NA,NA,NA,NA,NA,NA,NA,NA,NA,NA,NA,NA,NA,NA,NA,NA,0,0,0,0,0,0,0,0,0,0,0,0,0.0
1/4,0,2,1,1,12,2,2,7,7,-1,3,12,3,2,2,3,24,2,0,8,7,NA,NA,NA,NA,NA,NA,NA,NA,NA,NA,NA,NA,NA,NA,NA,NA,NA,NA,NA,NA,NA,NA,NA,NA,NA,NA,NA,NA,NA,NA,NA,NA,NA,NA,NA,NA,NA,NA,NA,NA,NA,NA,NA,NA,NA,NA,NA,NA,NA,NA,NA,NA,0,0,0,0,0,0,0,0,0,0,0,0,0.0
1/5,0,4,2,-1,6,3,3,6,20,4,6,5,4,4,3,7,6,1,0,0,0,NA,NA,NA,NA,NA,NA,NA,NA,NA,NA,NA,NA,NA,NA,NA,NA,NA,NA,NA,NA,NA,NA,NA,NA,NA,NA,NA,NA,NA,NA,NA,NA,NA,NA,NA,NA,NA,NA,NA,NA,NA,NA,NA,NA,NA,NA,NA,NA,NA,NA,NA,NA,0,0,0,0,0,0,0,0,0,0,0,0,0.0
1/6,2,5,3,4,1,2,0,1,24,4,0,1,3,11,2,2,20,2,-1,-3,-1,NA,NA,NA,NA,NA,NA,NA,NA,NA,NA,NA,NA,NA,NA,NA,NA,NA,NA,NA,NA,NA,NA,NA,NA,NA,NA,NA,NA,NA,NA,NA,NA,NA,NA,NA,NA,NA,NA,NA,NA,NA,NA,NA,NA,NA,NA,NA,NA,NA,NA,NA,NA,0,0,0,0,0,0,0,0,0,0,0,0,0.0
1/7,0,3,3,14,5,0,0,3,13,0,4,5,8,7,8,4,14,1,0,0,0,NA,NA,NA,NA,NA,NA,NA,NA,NA,NA,NA,NA,NA,NA,NA,NA,NA,NA,NA,NA,NA,NA,NA,NA,NA,NA,NA,NA,NA,NA,NA,NA,NA,NA,NA,NA,NA,NA,NA,NA,NA,NA,NA,NA,NA,NA,NA,NA,NA,NA,NA,NA,0,0,0,0,0,0,0,0,0,0,0,0,0.0
1/8,0,2,2,10,-2,3,1,4,8,-1,6,7,3,4,1,1,13,8,0,0,0,NA,NA,NA,NA,NA,NA,NA,NA,NA,NA,NA,NA,NA,NA,NA,NA,NA,NA,NA,NA,NA,NA,NA,NA,NA,NA,NA,NA,NA,NA,NA,NA,NA,NA,NA,NA,NA,NA,NA,NA,NA,NA,NA,NA,NA,NA,NA,NA,NA,NA,NA,NA,0,0,0,0,0,0,0,0,0,0,0,0,0.0
1/9,6,6,5,4,0,0,3,1,6,4,4,4,1,4,0,2,13,8,0,0,6,NA,NA,NA,NA,NA,NA,NA,NA,NA,NA,NA,NA,NA,NA,NA,NA,NA,NA,NA,NA,NA,NA,NA,NA,NA,NA,NA,NA,NA,NA,NA,NA,NA,NA,NA,NA,NA,NA,NA,NA,NA,NA,NA,NA,NA,NA,NA,NA,NA,NA,NA,NA,0,0,0,0,0,0,0,0,0,0,0,0,0.0
1/10,1,3,3,3,1,0,1,-1,7,16,5,0,1,7,1,3,11,-2,0,-2,2,NA,NA,NA,NA,NA,NA,NA,NA,NA,NA,NA,NA,NA,NA,NA,NA,NA,NA,NA,NA,NA,NA,NA,NA,NA,NA,NA,NA,NA,NA,NA,NA,NA,NA,NA,NA,NA,NA,NA,NA,NA,NA,NA,NA,NA,NA,NA,NA,NA,NA,NA,NA,0,0,0,0,0,0,0,0,0,0,0,0,0.0
1/11,0,1,3,3,7,13,0,1,11,12,6,1,2,11,0,13,6,0,0,0,0,NA,NA,NA,NA,NA,NA,NA,NA,NA,NA,NA,NA,NA,NA,NA,NA,NA,NA,NA,NA,NA,NA,NA,NA,NA,NA,NA,NA,NA,NA,NA,NA,NA,NA,NA,NA,NA,NA,NA,NA,NA,NA,NA,NA,NA,NA,NA,NA,NA,NA,NA,NA,0,0,0,0,0,0,0,0,0,0,0,0,0.0
1/12,2,2,5,4,-2,10,0,0,4,14,7,2,1,0,1,4,4,-1,0,2,-1,NA,NA,NA,NA,NA,NA,NA,NA,NA,NA,NA,NA,NA,NA,NA,NA,NA,NA,NA,NA,NA,NA,NA,NA,NA,NA,NA,NA,NA,NA,NA,NA,NA,NA,NA,NA,NA,NA,NA,NA,NA,NA,NA,NA,NA,NA,NA,NA,NA,NA,NA,NA,0,0,0,0,0,0,0,0,0,0,0,0,0.0
1/13,2,0,2,4,4,8,0,1,10,11,2,2,10,2,8,4,5,-1,0,2,4,NA,NA,NA,NA,NA,NA,NA,NA,NA,NA,NA,NA,NA,NA,NA,NA,NA,NA,NA,NA,NA,NA,NA,NA,NA,NA,NA,NA,NA,NA,NA,NA,NA,NA,NA,NA,NA,NA,NA,NA,NA,NA,NA,NA,NA,NA,NA,NA,NA,NA,NA,NA,0,0,0,0,0,0,0,0,0,0,0,0,0.0
1/14,0,3,0,1,-2,0,0,2,9,9,3,3,22,11,3,8,1,3,0,-1,9,NA,NA,NA,NA,NA,NA,NA,NA,NA,NA,NA,NA,NA,NA,NA,NA,NA,NA,NA,NA,NA,NA,NA,NA,NA,NA,NA,NA,NA,NA,NA,NA,NA,NA,NA,NA,NA,NA,NA,NA,NA,NA,NA,NA,NA,NA,NA,NA,NA,NA,NA,NA,0,0,0,0,0,0,0,0,0,0,0,0,0.0
1/15,2,3,10,1,0,5,0,2,6,6,3,0,10,2,0,3,2,5,0,-1,5,NA,NA,NA,NA,NA,NA,NA,NA,NA,NA,NA,NA,NA,NA,NA,NA,NA,NA,NA,NA,NA,NA,NA,NA,NA,NA,NA,NA,NA,NA,NA,NA,NA,NA,NA,NA,NA,NA,NA,NA,NA,NA,NA,NA,NA,NA,NA,NA,NA,NA,NA,NA,0,0,0,0,0,0,0,0,0,0,0,0,0.0
1/16,4,4,10,3,1,3,-1,3,9,0,0,1,44,17,4,0,2,8,0,-2,12,NA,NA,NA,NA,NA,NA,NA,NA,NA,NA,NA,NA,NA,NA,NA,NA,NA,NA,NA,NA,NA,NA,NA,NA,NA,NA,NA,NA,NA,NA,NA,NA,NA,NA,NA,NA,NA,NA,NA,NA,NA,NA,NA,NA,NA,NA,NA,NA,NA,NA,NA,NA,0,0,0,0,0,0,0,0,0,0,0,0,0.0
1/17,5,0,6,1,0,3,2,3,12,6,0,3,-1,20,1,1,-2,4,1,0,7,NA,NA,NA,NA,NA,NA,NA,NA,NA,NA,NA,NA,NA,NA,NA,NA,NA,NA,NA,NA,NA,NA,NA,NA,NA,NA,NA,NA,NA,NA,NA,NA,NA,NA,NA,NA,NA,NA,NA,NA,NA,NA,NA,NA,NA,NA,NA,NA,NA,NA,NA,NA,0,0,0,0,0,0,0,0,0,0,0,0,0.0
1/18,1,2,4,2,1,2,0,4,18,3,1,2,10,7,6,2,1,0,1,1,19,NA,NA,NA,NA,NA,NA,NA,NA,NA,NA,NA,NA,NA,NA,NA,NA,NA,NA,NA,NA,NA,NA,NA,NA,NA,NA,NA,NA,NA,NA,NA,NA,NA,NA,NA,NA,NA,NA,NA,NA,NA,NA,NA,NA,NA,NA,NA,NA,NA,NA,NA,NA,0,0,0,0,0,0,0,0,0,0,0,0,0.0
1/19,0,3,6,6,4,4,0,2,12,-3,4,0,9,5,5,-1,4,3,0,0,9,NA,NA,NA,NA,NA,NA,NA,NA,NA,NA,NA,NA,NA,NA,NA,NA,NA,NA,NA,NA,NA,NA,NA,NA,NA,NA,NA,NA,NA,NA,NA,NA,NA,NA,NA,NA,NA,NA,NA,NA,NA,NA,NA,NA,NA,NA,NA,NA,NA,NA,NA,NA,0,0,0,0,0,0,0,0,0,0,0,0,0.0
1/20,-1,6,3,4,4,8,0,2,22,0,2,2,26,3,0,2,2,5,0,1,6,NA,NA,NA,NA,NA,NA,NA,NA,NA,NA,NA,NA,NA,NA,NA,NA,NA,NA,NA,NA,NA,NA,NA,NA,NA,NA,NA,NA,NA,NA,NA,NA,NA,NA,NA,NA,NA,NA,NA,NA,NA,NA,NA,NA,NA,NA,NA,NA,NA,NA,NA,NA,0,0,0,0,0,0,0,0,0,0,0,0,0.0
1/21,0,13,1,9,1,1,0,8,8,1,1,5,9,5,2,1,1,7,0,-4,-1,NA,NA,NA,NA,NA,NA,NA,NA,NA,NA,NA,NA,NA,NA,NA,NA,NA,NA,NA,NA,NA,NA,NA,NA,NA,NA,NA,NA,NA,NA,NA,NA,NA,NA,NA,NA,NA,NA,NA,NA,NA,NA,NA,NA,NA,NA,NA,NA,NA,NA,NA,NA,0,0,0,0,0,0,0,0,0,0,0,0,0.0
1/22,1,5,7,7,6,6,1,6,7,1,0,0,11,7,1,1,2,4,1,0,-2,NA,NA,NA,NA,NA,NA,NA,NA,NA,NA,NA,NA,NA,NA,NA,NA,NA,NA,NA,NA,NA,NA,NA,NA,NA,NA,NA,NA,NA,NA,NA,NA,NA,NA,NA,NA,NA,NA,NA,NA,NA,NA,NA,NA,NA,NA,NA,NA,NA,NA,NA,NA,0,0,0,0,0,0,0,0,0,0,0,0,0.0
1/23,0,1,3,6,5,1,0,7,7,-1,0,4,38,3,1,0,1,8,0,1,-1,NA,NA,NA,NA,NA,NA,NA,NA,NA,NA,NA,NA,NA,NA,NA,NA,NA,NA,NA,NA,NA,NA,NA,NA,NA,NA,NA,NA,NA,NA,NA,NA,NA,NA,NA,NA,NA,NA,NA,NA,NA,NA,NA,NA,NA,NA,NA,NA,NA,NA,NA,NA,0,0,0,0,0,0,0,0,0,0,0,0,0.0
1/24,3,2,2,7,1,2,0,10,3,1,1,3,30,7,2,0,4,1,0,-1,4,NA,NA,NA,NA,NA,NA,NA,NA,NA,NA,NA,NA,NA,NA,NA,NA,NA,NA,NA,NA,NA,NA,NA,NA,NA,NA,NA,NA,NA,NA,NA,NA,NA,NA,NA,NA,NA,NA,NA,NA,NA,NA,NA,NA,NA,NA,NA,NA,NA,NA,NA,NA,0,0,0,0,0,0,0,0,0,0,0,0,0.0
1/25,-1,2,5,9,1,4,0,10,4,0,0,0,38,1,0,0,1,9,0,-1,4,NA,NA,NA,NA,NA,NA,NA,NA,NA,NA,NA,NA,NA,NA,NA,NA,NA,NA,NA,NA,NA,NA,NA,NA,NA,NA,NA,NA,NA,NA,NA,NA,NA,NA,NA,NA,NA,NA,NA,NA,NA,NA,NA,NA,NA,NA,NA,NA,NA,NA,NA,NA,0,0,0,0,0,0,0,0,0,0,0,0,0.0
1/26,0,4,0,8,1,1,1,3,12,0,0,2,10,-1,1,0,0,9,-1,0,9,NA,NA,NA,NA,NA,NA,NA,NA,NA,NA,NA,NA,NA,NA,NA,NA,NA,NA,NA,NA,NA,NA,NA,NA,NA,NA,NA,NA,NA,NA,NA,NA,NA,NA,NA,NA,NA,NA,NA,NA,NA,NA,NA,NA,NA,NA,NA,NA,NA,NA,NA,NA,0,0,0,0,0,0,0,0,0,0,0,0,0.0
1/27,3,2,5,7,1,3,1,0,6,1,0,1,12,3,0,2,2,6,0,1,1,NA,NA,NA,NA,NA,NA,NA,NA,NA,NA,NA,NA,NA,NA,NA,NA,NA,NA,NA,NA,NA,NA,NA,NA,NA,NA,NA,NA,NA,NA,NA,NA,NA,NA,NA,NA,NA,NA,NA,NA,NA,NA,NA,NA,NA,NA,NA,NA,NA,NA,NA,NA,0,0,0,0,0,0,0,0,0,0,0,0,0.0
1/28,1,3,8,8,2,3,1,6,9,1,0,4,5,9,0,-1,1,1,0,0,4,NA,NA,NA,NA,NA,NA,NA,NA,NA,NA,NA,NA,NA,NA,NA,NA,NA,NA,NA,NA,NA,NA,NA,NA,NA,NA,NA,NA,NA,NA,NA,NA,NA,NA,NA,NA,NA,NA,NA,NA,NA,NA,NA,NA,NA,NA,NA,NA,NA,NA,NA,NA,0,0,0,0,0,0,0,0,0,0,0,0,0.0
1/29,0,0,4,1,4,5,0,5,9,2,0,4,19,3,0,1,2,7,0,11,14,NA,NA,NA,NA,NA,NA,NA,NA,NA,NA,NA,NA,NA,NA,NA,NA,NA,NA,NA,NA,NA,NA,NA,NA,NA,NA,NA,NA,NA,NA,NA,NA,NA,NA,NA,NA,NA,NA,NA,NA,NA,NA,NA,NA,NA,NA,NA,NA,NA,NA,NA,NA,0,0,0,0,0,0,0,0,0,0,0,0,0.0
1/30,3,1,2,7,7,8,0,6,2,5,1,8,7,5,0,-1,0,6,1,13,6,NA,NA,NA,NA,NA,NA,NA,NA,NA,NA,NA,NA,NA,NA,NA,NA,NA,NA,NA,NA,NA,NA,NA,NA,NA,NA,NA,NA,NA,NA,NA,NA,NA,NA,NA,NA,NA,NA,NA,NA,NA,NA,NA,NA,NA,NA,NA,NA,NA,NA,NA,NA,0,0,0,0,0,0,0,0,0,0,0,0,0.0
1/31,1,1,2,10,1,0,0,10,1,-1,0,0,7,6,2,1,1,0,-5,8,6,NA,NA,NA,NA,NA,NA,NA,NA,NA,NA,NA,NA,NA,NA,NA,NA,NA,NA,NA,NA,NA,NA,NA,NA,NA,NA,NA,NA,NA,NA,NA,NA,NA,NA,NA,NA,NA,NA,NA,NA,NA,NA,NA,NA,NA,NA,NA,NA,NA,NA,NA,NA,0,0,0,0,0,0,0,0,0,0,0,0,0.0
2/1,2,5,2,12,2,6,0,6,2,2,5,2,5,8,0,-1,1,-1,-5,12,-1,NA,NA,NA,NA,NA,NA,NA,NA,NA,NA,NA,NA,NA,NA,NA,NA,NA,NA,NA,NA,NA,NA,NA,NA,NA,NA,NA,NA,NA,NA,NA,NA,NA,NA,NA,NA,NA,NA,NA,NA,NA,NA,NA,NA,NA,NA,NA,NA,NA,NA,NA,NA,0,0,0,0,0,0,0,0,0,0,0,0,0.0
2/2,4,2,2,11,2,4,0,3,3,3,-1,5,2,4,0,1,2,-1,0,11,0,NA,NA,NA,NA,NA,NA,NA,NA,NA,NA,NA,NA,NA,NA,NA,NA,NA,NA,NA,NA,NA,NA,NA,NA,NA,NA,NA,NA,NA,NA,NA,NA,NA,NA,NA,NA,NA,NA,NA,NA,NA,NA,NA,NA,NA,NA,NA,NA,NA,NA,NA,NA,0,0,0,0,0,0,0,0,0,0,0,0,0.0
2/3,4,1,2,9,4,4,0,1,5,3,2,4,5,8,4,-1,2,8,-3,0,0,NA,NA,NA,NA,NA,NA,NA,NA,NA,NA,NA,NA,NA,NA,NA,NA,NA,NA,NA,NA,NA,NA,NA,NA,NA,NA,NA,NA,NA,NA,NA,NA,NA,NA,NA,NA,NA,NA,NA,NA,NA,NA,NA,NA,NA,NA,NA,NA,NA,NA,NA,NA,0,0,0,0,0,0,0,0,0,0,0,0,0.0
2/4,2,0,2,1,0,14,0,2,14,0,-1,0,2,9,0,-1,0,5,1,9,3,NA,NA,NA,NA,NA,NA,NA,NA,NA,NA,NA,NA,NA,NA,NA,NA,NA,NA,NA,NA,NA,NA,NA,NA,NA,NA,NA,NA,NA,NA,NA,NA,NA,NA,NA,NA,NA,NA,NA,NA,NA,NA,NA,NA,NA,NA,NA,NA,NA,NA,NA,NA,0,0,0,0,0,0,0,0,0,0,0,0,0.0
2/5,3,3,0,3,2,7,1,3,2,0,0,2,6,4,0,0,4,1,0,7,-6,NA,NA,NA,NA,NA,NA,NA,NA,NA,NA,NA,NA,NA,NA,NA,NA,NA,NA,NA,NA,NA,NA,NA,NA,NA,NA,NA,NA,NA,NA,NA,NA,NA,NA,NA,NA,NA,NA,NA,NA,NA,NA,NA,NA,NA,NA,NA,NA,NA,NA,NA,NA,0,0,0,0,0,0,0,0,0,0,0,0,0.0
2/6,3,1,3,18,3,6,0,4,1,0,1,0,5,8,0,0,1,3,0,3,5,NA,NA,NA,NA,NA,NA,NA,NA,NA,NA,NA,NA,NA,NA,NA,NA,NA,NA,NA,NA,NA,NA,NA,NA,NA,NA,NA,NA,NA,NA,NA,NA,NA,NA,NA,NA,NA,NA,NA,NA,NA,NA,NA,NA,NA,NA,NA,NA,NA,NA,NA,NA,0,0,0,0,0,0,0,0,0,0,0,0,0.0
2/7,5,0,4,16,1,4,4,13,11,3,1,2,2,7,0,0,0,2,0,-1,1,NA,NA,NA,NA,NA,NA,NA,NA,NA,NA,NA,NA,NA,NA,NA,NA,NA,NA,NA,NA,NA,NA,NA,NA,NA,NA,NA,NA,NA,NA,NA,NA,NA,NA,NA,NA,NA,NA,NA,NA,NA,NA,NA,NA,NA,NA,NA,NA,NA,NA,NA,NA,0,0,0,0,0,0,0,0,0,0,0,0,0.0
2/8,4,4,3,18,2,8,3,5,28,0,2,1,6,10,0,1,1,1,0,2,0,NA,NA,NA,NA,NA,NA,NA,NA,NA,NA,NA,NA,NA,NA,NA,NA,NA,NA,NA,NA,NA,NA,NA,NA,NA,NA,NA,NA,NA,NA,NA,NA,NA,NA,NA,NA,NA,NA,NA,NA,NA,NA,NA,NA,NA,NA,NA,NA,NA,NA,NA,NA,0,0,0,0,0,0,0,0,0,0,0,0,0.0
2/9,1,3,3,7,-1,7,0,4,19,1,2,1,4,5,0,1,2,2,0,8,0,NA,NA,NA,NA,NA,NA,NA,NA,NA,NA,NA,NA,NA,NA,NA,NA,NA,NA,NA,NA,NA,NA,NA,NA,NA,NA,NA,NA,NA,NA,NA,NA,NA,NA,NA,NA,NA,NA,NA,NA,NA,NA,NA,NA,NA,NA,NA,NA,NA,NA,NA,NA,0,0,0,0,0,0,0,0,0,0,0,0,0.0
2/10,-2,1,2,10,1,19,5,1,9,1,2,2,3,3,0,3,4,2,0,5,1,NA,NA,NA,NA,NA,NA,NA,NA,NA,NA,NA,NA,NA,NA,NA,NA,NA,NA,NA,NA,NA,NA,NA,NA,NA,NA,NA,NA,NA,NA,NA,NA,NA,NA,NA,NA,NA,NA,NA,NA,NA,NA,NA,NA,NA,NA,NA,NA,NA,NA,NA,NA,0,0,0,0,0,0,0,0,0,0,0,0,0.0
2/11,2,5,3,5,-2,16,5,3,18,0,1,3,2,3,1,-5,1,9,0,5,1,NA,NA,NA,NA,NA,NA,NA,NA,NA,NA,NA,NA,NA,NA,NA,NA,NA,NA,NA,NA,NA,NA,NA,NA,NA,NA,NA,NA,NA,NA,NA,NA,NA,NA,NA,NA,NA,NA,NA,NA,NA,NA,NA,NA,NA,NA,NA,NA,NA,NA,NA,NA,0,0,0,0,0,0,0,0,0,0,0,0,0.0
2/12,1,0,3,13,2,8,6,7,8,4,4,10,1,10,0,4,1,1,-2,0,-1,NA,NA,NA,NA,NA,NA,NA,NA,NA,NA,NA,NA,NA,NA,NA,NA,NA,NA,NA,NA,NA,NA,NA,NA,NA,NA,NA,NA,NA,NA,NA,NA,NA,NA,NA,NA,NA,NA,NA,NA,NA,NA,NA,NA,NA,NA,NA,NA,NA,NA,NA,NA,0,0,0,0,0,0,0,0,0,0,0,0,0.0
2/13,0,0,2,9,1,0,9,9,15,6,3,3,4,4,0,4,1,7,0,17,4,NA,NA,NA,NA,NA,NA,NA,NA,NA,NA,NA,NA,NA,NA,NA,NA,NA,NA,NA,NA,NA,NA,NA,NA,NA,NA,NA,NA,NA,NA,NA,NA,NA,NA,NA,NA,NA,NA,NA,NA,NA,NA,NA,NA,NA,NA,NA,NA,NA,NA,NA,NA,0,0,0,0,0,0,0,0,0,0,0,0,0.0
2/14,0,2,0,12,1,8,4,12,9,3,2,1,1,10,0,2,0,1,-3,4,17,NA,NA,NA,NA,NA,NA,NA,NA,NA,NA,NA,NA,NA,NA,NA,NA,NA,NA,NA,NA,NA,NA,NA,NA,NA,NA,NA,NA,NA,NA,NA,NA,NA,NA,NA,NA,NA,NA,NA,NA,NA,NA,NA,NA,NA,NA,NA,NA,NA,NA,NA,NA,0,0,0,0,0,0,0,0,0,0,0,0,0.0
2/15,3,2,1,11,0,4,1,40,15,6,3,4,10,4,0,-1,11,3,1,11,-6,NA,NA,NA,NA,NA,NA,NA,NA,NA,NA,NA,NA,NA,NA,NA,NA,NA,NA,NA,NA,NA,NA,NA,NA,NA,NA,NA,NA,NA,NA,NA,NA,NA,NA,NA,NA,NA,NA,NA,NA,NA,NA,NA,NA,NA,NA,NA,NA,NA,NA,NA,NA,0,0,0,0,0,0,0,0,0,0,0,0,0.0
2/16,0,3,5,0,1,5,3,48,4,6,0,2,2,6,0,0,29,2,-3,12,6,NA,NA,NA,NA,NA,NA,NA,NA,NA,NA,NA,NA,NA,NA,NA,NA,NA,NA,NA,NA,NA,NA,NA,NA,NA,NA,NA,NA,NA,NA,NA,NA,NA,NA,NA,NA,NA,NA,NA,NA,NA,NA,NA,NA,NA,NA,NA,NA,NA,NA,NA,NA,0,0,0,0,0,0,0,0,0,0,0,0,0.0
2/17,1,0,3,2,0,5,6,17,7,13,0,2,5,4,-1,5,8,2,1,0,0,NA,NA,NA,NA,NA,NA,NA,NA,NA,NA,NA,NA,NA,NA,NA,NA,NA,NA,NA,NA,NA,NA,NA,NA,NA,NA,NA,NA,NA,NA,NA,NA,NA,NA,NA,NA,NA,NA,NA,NA,NA,NA,NA,NA,NA,NA,NA,NA,NA,NA,NA,NA,0,0,0,0,0,0,0,0,0,0,0,0,0.0
2/18,2,2,0,2,1,7,4,28,8,6,2,3,4,2,0,2,11,1,0,2,2,NA,NA,NA,NA,NA,NA,NA,NA,NA,NA,NA,NA,NA,NA,NA,NA,NA,NA,NA,NA,NA,NA,NA,NA,NA,NA,NA,NA,NA,NA,NA,NA,NA,NA,NA,NA,NA,NA,NA,NA,NA,NA,NA,NA,NA,NA,NA,NA,NA,NA,NA,NA,0,0,0,0,0,0,0,0,0,0,0,0,0.0
2/19,3,2,1,1,3,2,2,32,6,8,2,4,1,4,0,1,5,0,0,3,-2,NA,NA,NA,NA,NA,NA,NA,NA,NA,NA,NA,NA,NA,NA,NA,NA,NA,NA,NA,NA,NA,NA,NA,NA,NA,NA,NA,NA,NA,NA,NA,NA,NA,NA,NA,NA,NA,NA,NA,NA,NA,NA,NA,NA,NA,NA,NA,NA,NA,NA,NA,NA,0,0,0,0,0,0,0,0,0,0,0,0,0.0
2/20,3,6,2,2,0,5,4,12,21,9,0,-1,2,4,0,2,10,1,0,3,0,NA,NA,NA,NA,NA,NA,NA,NA,NA,NA,NA,NA,NA,NA,NA,NA,NA,NA,NA,NA,NA,NA,NA,NA,NA,NA,NA,NA,NA,NA,NA,NA,NA,NA,NA,NA,NA,NA,NA,NA,NA,NA,NA,NA,NA,NA,NA,NA,NA,NA,NA,NA,0,0,0,0,0,0,0,0,0,0,0,0,0.0
2/21,16,3,2,7,3,7,10,14,21,7,2,4,3,2,1,3,2,0,-4,-1,16,NA,NA,NA,NA,NA,NA,NA,NA,NA,NA,NA,NA,NA,NA,NA,NA,NA,NA,NA,NA,NA,NA,NA,NA,NA,NA,NA,NA,NA,NA,NA,NA,NA,NA,NA,NA,NA,NA,NA,NA,NA,NA,NA,NA,NA,NA,NA,NA,NA,NA,NA,NA,0,0,0,0,0,0,0,0,0,0,0,0,0.0
2/22,8,5,1,22,4,2,6,21,23,1,5,32,1,6,0,3,6,3,-3,8,6,NA,NA,NA,NA,NA,NA,NA,NA,NA,NA,NA,NA,NA,NA,NA,NA,NA,NA,NA,NA,NA,NA,NA,NA,NA,NA,NA,NA,NA,NA,NA,NA,NA,NA,NA,NA,NA,NA,NA,NA,NA,NA,NA,NA,NA,NA,NA,NA,NA,NA,NA,NA,0,0,0,0,0,0,0,0,0,0,0,0,0.0
2/23,3,2,0,22,2,4,4,13,10,9,2,38,2,0,0,4,2,2,0,0,1,NA,NA,NA,NA,NA,NA,NA,NA,NA,NA,NA,NA,NA,NA,NA,NA,NA,NA,NA,NA,NA,NA,NA,NA,NA,NA,NA,NA,NA,NA,NA,NA,NA,NA,NA,NA,NA,NA,NA,NA,NA,NA,NA,NA,NA,NA,NA,NA,NA,NA,NA,NA,0,0,0,0,0,0,0,0,0,0,0,0,0.0
2/24,3,2,2,18,0,2,8,6,18,7,1,46,6,6,1,3,2,2,0,1,1,NA,NA,NA,NA,NA,NA,NA,NA,NA,NA,NA,NA,NA,NA,NA,NA,NA,NA,NA,NA,NA,NA,NA,NA,NA,NA,NA,NA,NA,NA,NA,NA,NA,NA,NA,NA,NA,NA,NA,NA,NA,NA,NA,NA,NA,NA,NA,NA,NA,NA,NA,NA,0,0,0,0,0,0,0,0,0,0,0,0,0.0
2/25,0,3,1,23,3,11,5,4,34,6,1,12,4,8,4,-1,3,2,-1,1,1,NA,NA,NA,NA,NA,NA,NA,NA,NA,NA,NA,NA,NA,NA,NA,NA,NA,NA,NA,NA,NA,NA,NA,NA,NA,NA,NA,NA,NA,NA,NA,NA,NA,NA,NA,NA,NA,NA,NA,NA,NA,NA,NA,NA,NA,NA,NA,NA,NA,NA,NA,NA,0,0,0,0,0,0,0,0,0,0,0,0,0.0
2/26,0,7,1,45,2,3,17,16,33,1,0,4,5,13,0,1,3,7,1,2,10,NA,NA,NA,NA,NA,NA,NA,NA,NA,NA,NA,NA,NA,NA,NA,NA,NA,NA,NA,NA,NA,NA,NA,NA,NA,NA,NA,NA,NA,NA,NA,NA,NA,NA,NA,NA,NA,NA,NA,NA,NA,NA,NA,NA,NA,NA,NA,NA,NA,NA,NA,NA,0,0,0,0,0,0,0,0,0,0,0,0,0.0
2/27,1,8,2,34,2,3,6,12,55,5,7,14,7,24,2,10,4,4,-3,4,20,NA,NA,NA,NA,NA,NA,NA,NA,NA,NA,NA,NA,NA,NA,NA,NA,NA,NA,NA,NA,NA,NA,NA,NA,NA,NA,NA,NA,NA,NA,NA,NA,NA,NA,NA,NA,NA,NA,NA,NA,NA,NA,NA,NA,NA,NA,NA,NA,NA,NA,NA,NA,0,0,0,0,0,0,0,0,0,0,0,0,0.0
2/28,0,19,8,16,2,4,10,8,22,8,7,8,3,19,0,-1,2,-2,-5,6,13,NA,NA,NA,NA,NA,NA,NA,NA,NA,NA,NA,NA,NA,NA,NA,NA,NA,NA,NA,NA,NA,NA,NA,NA,NA,NA,NA,NA,NA,NA,NA,NA,NA,NA,NA,NA,NA,NA,NA,NA,NA,NA,NA,NA,NA,NA,NA,0,0,NA,NA,NA,0,0,0,0,0,0,0,0,0,0,0,0,0.0
2/29,NA,NA,NA,58,NA,NA,NA,14,NA,NA,NA,6,NA,NA,NA,4,NA,NA,NA,4,NA,NA,NA,NA,NA,NA,NA,NA,NA,NA,NA,NA,NA,NA,NA,NA,NA,NA,NA,NA,NA,NA,NA,NA,NA,NA,NA,NA,NA,NA,NA,NA,NA,NA,NA,NA,NA,NA,NA,NA,NA,NA,NA,NA,NA,NA,NA,NA,NA,NA,NA,NA,NA,NA,NA,0,NA,NA,NA,0,NA,NA,NA,0,NA,NA
3/1,9,81,13,22,7,8,7,20,30,12,24,5,4,18,3,15,6,9,-1,6,45,NA,NA,NA,NA,NA,NA,NA,NA,NA,NA,NA,NA,NA,0,0,0,NA,NA,NA,NA,NA,NA,NA,NA,NA,NA,NA,NA,NA,NA,NA,0,0,NA,NA,0,NA,0,0,0,0,0,0,0,NA,0,0,0,0,0,0,0,0,0,0,0,0,0,0,0,0,0,0,0,0.0
3/2,4,8,0,18,3,8,6,15,31,3,5,8,6,7,3,10,10,1,-11,10,18,NA,NA,NA,NA,NA,NA,NA,NA,NA,NA,NA,NA,NA,0,0,0,NA,NA,NA,NA,NA,NA,NA,NA,NA,NA,NA,NA,NA,NA,NA,0,0,0,NA,0,NA,0,0,0,0,0,0,0,0,0,0,0,0,0,0,0,0,0,0,0,0,0,0,0,0,0,0,0,0.0
3/3,5,18,2,9,4,3,13,46,19,16,9,12,4,9,10,5,6,7,-8,-2,6,NA,NA,NA,NA,NA,NA,NA,NA,NA,NA,NA,NA,NA,0,0,0,NA,NA,NA,NA,NA,NA,NA,NA,NA,NA,NA,NA,NA,NA,NA,0,0,0,NA,0,NA,0,0,0,0,0,0,0,0,0,0,0,0,0,0,0,0,0,0,0,0,0,0,0,0,0,0,0,0.0
3/4,4,11,3,24,-1,7,17,28,15,24,11,17,8,13,3,5,6,4,-1,2,-5,NA,NA,NA,NA,NA,NA,NA,NA,NA,NA,NA,NA,NA,0,0,0,0,NA,NA,NA,NA,NA,NA,NA,NA,NA,NA,NA,NA,NA,NA,0,0,0,0,0,NA,0,0,0,0,0,0,0,0,0,0,0,0,0,0,0,0,0,0,0,0,0,0,0,0,0,0,0,0.0
3/5,7,6,4,18,3,6,11,28,13,24,5,20,5,18,5,8,4,23,1,6,-9,NA,NA,NA,NA,NA,NA,NA,NA,NA,NA,NA,NA,NA,0,0,0,0,NA,NA,NA,NA,NA,NA,NA,NA,NA,NA,NA,NA,NA,NA,0,0,0,0,0,NA,0,0,0,0,0,0,0,0,0,0,0,0,0,0,0,0,0,0,0,0,0,0,0,0,0,0,0,0.0
3/6,5,14,3,16,1,3,11,26,24,68,2,15,10,2,6,13,12,4,3,4,0,NA,NA,NA,NA,NA,NA,NA,NA,NA,NA,NA,NA,NA,0,0,0,0,NA,NA,NA,NA,NA,NA,NA,NA,NA,NA,NA,NA,NA,NA,0,0,0,0,0,NA,0,0,0,0,0,0,0,0,0,0,0,0,0,0,0,0,0,0,0,0,0,0,0,0,0,0,0,0.0
3/7,9,10,11,9,1,2,11,29,6,24,3,20,6,6,1,9,12,7,-5,6,16,NA,NA,NA,NA,NA,NA,NA,NA,NA,NA,NA,NA,NA,0,0,0,0,NA,NA,NA,NA,NA,NA,NA,NA,NA,NA,NA,NA,NA,NA,0,0,0,0,0,NA,0,0,0,0,0,0,0,0,0,0,0,0,0,0,0,0,0,0,0,0,0,0,0,0,0,0,0,0.0
3/8,6,7,8,14,0,4,9,17,14,15,-1,17,0,13,-2,8,12,5,-3,4,22,NA,NA,NA,NA,NA,NA,NA,NA,NA,NA,NA,NA,NA,0,0,0,0,NA,NA,NA,NA,NA,NA,NA,NA,NA,NA,NA,NA,NA,NA,0,0,0,0,0,NA,0,0,0,0,0,0,0,0,0,0,0,0,0,0,0,0,0,0,0,0,0,0,0,0,0,0,0,0.0
3/9,7,14,12,8,4,11,20,13,26,12,2,16,3,16,5,5,7,9,-2,8,35,NA,NA,NA,NA,NA,NA,NA,NA,NA,NA,NA,NA,NA,0,0,0,0,NA,NA,NA,NA,NA,NA,NA,NA,NA,NA,NA,NA,NA,NA,0,0,0,0,0,NA,0,0,0,0,0,0,0,0,0,0,0,0,0,0,0,0,0,0,0,0,0,0,0,0,0,0,0,0.0
3/10,9,23,2,5,2,11,52,21,31,7,6,5,34,23,3,27,20,8,-4,8,24,NA,NA,NA,NA,NA,NA,NA,NA,NA,NA,NA,NA,NA,0,0,0,0,NA,NA,NA,NA,NA,NA,NA,NA,NA,NA,NA,NA,NA,NA,0,0,0,0,0,NA,0,0,0,0,0,0,0,0,0,0,0,0,0,0,0,0,0,0,0,0,0,0,0,0,0,0,0,0.0
3/11,8,6,5,19,1,16,28,18,14,19,4,19,25,27,-1,3,38,0,1,2,7,NA,NA,NA,NA,NA,NA,NA,NA,NA,NA,NA,NA,NA,0,0,0,0,NA,NA,NA,NA,NA,NA,NA,NA,NA,NA,NA,NA,NA,NA,0,0,0,0,0,0,0,0,0,0,0,0,0,0,0,0,0,0,0,0,0,0,0,0,0,0,0,0,0,0,0,0,0,0.0
3/12,2,20,7,12,2,11,18,18,35,22,8,13,15,29,1,16,25,-3,1,5,11,NA,NA,NA,NA,NA,NA,NA,NA,NA,NA,NA,NA,NA,0,0,0,0,NA,NA,NA,NA,NA,NA,NA,NA,NA,NA,NA,NA,NA,NA,0,0,0,0,0,0,0,0,0,0,0,0,0,0,0,0,0,0,0,0,0,0,0,0,0,0,0,0,0,0,0,0,0,0.0
3/13,4,19,10,17,2,12,20,19,36,22,12,20,10,25,3,13,34,-15,-10,2,20,NA,NA,NA,NA,NA,NA,NA,NA,NA,NA,NA,NA,NA,0,0,0,0,NA,NA,NA,NA,NA,NA,NA,NA,NA,NA,NA,NA,NA,NA,0,0,0,0,0,0,0,0,0,0,0,0,0,0,0,0,0,0,0,0,0,0,0,0,0,0,0,0,0,0,0,0,0,0.0
3/14,4,35,10,9,14,15,18,51,26,8,14,16,20,39,2,15,29,8,-3,7,15,NA,NA,NA,NA,NA,NA,NA,NA,NA,NA,NA,NA,NA,0,0,0,0,NA,NA,NA,NA,NA,NA,NA,NA,NA,NA,NA,NA,NA,NA,0,0,0,0,0,0,0,0,0,0,0,0,0,0,0,0,0,0,0,0,0,0,0,0,0,0,0,0,0,0,0,0,0,0.0
3/15,11,57,4,5,1,13,24,12,88,13,18,25,26,30,-1,12,12,-6,-4,7,7,-8,12,31,0,4,1,8,9,7,0,0,0,0,0,0,0,0,0,0,0,0,0,0,0,0,0,0,0,0,0,0,0,0,0,0,0,0,0,0,0,0,0,0,0,0,0,0,0,0,0,0,0,0,0,0,0,0,0,0,0,0,0,0,0,0.0
3/16,19,14,4,5,8,18,17,27,80,23,4,53,29,31,8,8,6,3,-13,1,0,8,27,26,1,7,0,8,10,11,0,0,0,0,0,0,0,0,0,0,0,0,0,0,0,0,0,0,0,0,0,0,0,0,0,0,0,0,0,0,0,0,0,0,0,0,0,0,0,0,0,0,0,0,0,0,0,0,0,0,0,0,0,0,0,0.0
3/17,11,22,8,5,10,15,13,24,47,10,14,45,21,42,3,8,5,-1,-34,0,-5,-1,25,19,2,4,0,6,12,11,0,0,0,0,0,0,0,0,0,0,0,0,0,0,0,0,0,0,0,0,0,0,0,0,0,0,0,0,0,0,0,0,0,0,0,0,0,0,0,0,0,0,0,0,0,0,0,0,0,0,0,0,0,0,0,0.0
3/18,28,9,9,6,2,33,16,26,47,24,10,23,11,18,-3,24,9,2,-19,15,8,1,4,21,0,0,1,8,6,14,0,0,0,0,0,0,0,0,0,0,0,0,0,0,0,0,0,0,0,0,0,0,0,0,0,0,0,0,0,0,0,0,0,0,0,0,0,0,0,0,0,0,0,0,0,0,0,0,0,0,0,0,0,0,0,0.0
3/19,31,13,15,20,22,29,10,17,38,12,7,23,11,37,13,18,9,0,-1,11,-2,2,29,18,3,7,1,8,1,14,0,0,0,0,0,0,0,0,0,0,0,0,0,0,0,0,0,0,0,0,0,0,0,0,0,0,0,0,0,0,0,0,0,0,0,0,0,0,0,0,0,0,0,0,0,0,0,0,0,0,0,0,0,0,0,0.0
3/20,16,37,5,24,23,13,5,25,22,2,10,10,16,24,9,8,19,2,0,11,2,0,20,15,0,5,6,4,-1,15,0,0,0,0,0,0,0,0,0,0,0,0,0,0,0,0,0,0,0,0,0,0,0,0,0,0,0,0,0,0,0,0,0,0,0,0,0,0,0,0,0,0,0,0,0,0,0,0,0,0,0,0,0,0,0,0.0
3/21,28,26,4,6,23,11,-2,18,58,30,30,8,13,17,16,9,15,2,2,14,5,7,5,13,0,2,1,4,0,3,0,0,0,0,0,0,0,0,0,0,0,0,0,0,0,0,0,0,0,0,0,0,0,0,0,0,0,0,0,0,0,0,0,0,0,0,0,0,0,0,0,0,0,0,0,0,0,0,0,0,0,0,0,0,0,0.0
3/22,25,24,2,13,41,6,0,20,33,14,25,28,10,21,13,7,21,0,1,12,6,0,10,28,3,4,8,6,5,7,0,0,0,0,0,0,0,0,0,0,0,0,0,0,0,0,0,0,0,0,0,0,0,0,0,0,0,0,0,0,0,0,0,0,0,0,0,0,0,0,0,0,0,0,0,0,0,0,0,0,0,0,0,0,0,0.0
3/23,27,51,10,21,108,8,4,14,29,26,12,18,14,27,10,12,21,5,5,12,4,2,25,21,0,10,4,4,7,9,0,0,0,0,0,0,0,0,0,0,0,0,0,0,0,0,0,0,0,0,0,0,0,0,0,0,0,0,0,0,0,0,0,0,0,0,0,0,0,0,0,0,0,0,0,0,0,0,0,0,0,0,0,0,0,0.0
3/24,91,49,8,12,68,8,6,34,39,28,9,27,17,24,13,0,21,8,1,13,-7,2,18,25,-1,-2,2,14,4,12,0,0,0,0,0,0,0,0,0,0,0,0,0,0,0,0,0,0,0,0,0,0,0,0,0,0,0,0,0,0,0,0,0,0,0,0,0,0,0,0,0,0,0,0,0,0,0,0,0,0,0,0,0,0,0,0.0
3/25,44,27,4,20,28,10,3,29,31,29,6,20,15,24,11,11,22,1,0,7,5,1,7,17,0,8,0,8,7,7,0,0,0,0,0,0,0,0,0,0,0,0,0,0,0,0,0,0,0,0,0,0,0,0,0,0,0,0,0,0,0,0,0,0,0,0,0,0,0,0,0,0,0,0,0,0,0,0,0,0,0,0,0,0,0,0.0
3/26,16,44,4,17,28,5,13,23,38,22,10,12,21,46,13,15,12,6,0,-3,0,13,8,5,-1,4,7,4,6,8,0,0,0,0,0,0,0,0,0,0,0,0,0,0,0,0,0,0,0,0,0,0,0,0,0,0,0,0,0,0,0,0,0,0,0,0,0,0,0,0,0,0,0,0,0,0,0,0,0,0,0,0,0,0,0,0.0
3/27,12,31,6,15,17,12,10,27,25,32,9,29,22,40,14,11,12,5,4,11,19,2,6,13,0,4,2,4,15,6,0,0,0,0,0,0,0,0,0,0,0,0,0,0,0,0,0,0,0,0,0,0,0,0,0,0,0,0,0,0,0,0,0,0,0,0,0,0,0,0,0,0,0,0,0,0,0,0,0,0,0,0,0,0,0,0.0
3/28,10,26,14,2,29,26,2,28,37,33,15,31,44,26,7,14,19,10,9,3,29,8,7,10,0,1,3,10,8,6,0,0,0,0,0,0,0,0,0,0,0,0,0,0,0,0,0,0,0,0,0,0,0,0,0,0,0,0,0,0,0,0,0,0,0,0,0,0,0,0,0,0,0,0,0,0,0,0,0,0,0,0,0,0,0,0.0
3/29,22,36,13,18,21,20,14,14,26,13,26,25,28,44,10,7,11,10,1,3,7,0,6,11,0,2,3,8,6,0,0,0,0,0,0,0,0,0,0,0,0,0,0,0,0,0,0,0,0,0,0,0,0,0,0,0,0,0,0,0,0,0,0,0,0,0,0,0,0,0,0,0,0,0,0,0,0,0,0,0,0,0,0,0,0,0.0
3/30,14,25,10,30,33,26,5,21,35,22,25,26,68,22,17,20,21,5,2,5,16,4,14,17,0,10,1,6,7,14,0,0,0,0,0,0,0,0,0,0,0,0,0,0,0,0,0,0,0,0,0,0,0,0,0,0,0,0,0,0,0,0,0,0,0,0,0,0,0,0,0,0,0,0,0,0,0,0,0,0,0,0,0,0,0,0.0
3/31,8,13,5,19,21,28,19,22,18,9,23,19,30,30,24,7,20,4,0,5,3,11,25,11,0,6,1,4,15,0,0,0,0,0,0,0,0,0,0,0,0,0,0,0,0,0,0,0,0,0,0,0,0,0,0,0,0,0,0,0,0,0,0,0,0,0,0,0,0,0,0,0,0,0,0,0,0,0,0,0,0,0,0,0,0,0.0
4/1,8,28,3,2,12,19,16,20,29,12,31,20,37,31,4,24,24,15,3,18,39,56,58,24,14,14,13,30,13,24,0,0,0,0,0,0,0,0,0,0,0,0,0,0,0,0,0,0,0,0,0,0,0,0,0,0,0,0,0,0,0,0,0,0,0,0,0,0,0,0,0,0,0,0,0,0,0,0,0,0,0,0,0,0,0,0.0
4/2,13,8,10,9,21,21,13,16,29,8,30,22,30,24,9,24,14,8,1,17,27,49,38,32,8,13,22,20,9,24,0,0,0,0,0,0,0,0,0,0,0,0,0,0,0,0,0,0,0,0,0,0,0,0,0,0,0,0,0,0,0,0,0,0,0,0,0,0,0,0,0,0,0,0,0,0,0,0,0,0,0,0,0,0,0,0.0
4/3,18,10,22,9,14,15,25,17,19,9,29,18,49,18,19,14,15,5,6,11,33,50,43,21,8,9,8,9,16,23,0,0,0,0,0,0,0,0,0,0,0,0,0,0,0,0,0,0,0,0,0,0,0,0,0,0,0,0,0,0,0,0,0,0,0,0,0,0,0,0,0,0,0,0,0,0,0,0,0,0,0,0,0,0,0,0.0
4/4,11,13,23,12,12,11,26,13,13,11,13,15,47,19,28,16,16,14,7,24,40,44,36,34,11,3,17,4,12,21,0,0,0,0,0,0,0,0,0,0,0,0,0,0,0,0,0,0,0,0,0,0,0,0,0,0,0,0,0,0,0,0,0,0,0,0,0,0,0,0,0,0,0,0,0,0,0,0,0,0,0,0,0,0,0,0.0
4/5,13,14,5,14,11,20,18,15,14,12,25,23,17,17,23,19,9,20,5,17,37,32,31,26,9,9,5,8,26,16,0,0,0,0,0,0,0,0,0,0,0,0,0,0,0,0,0,0,0,0,0,0,0,0,0,0,0,0,0,0,0,0,0,0,0,0,0,0,0,0,0,0,0,0,0,0,0,0,0,0,0,0,0,0,0,0.0
4/6,19,8,10,12,15,47,22,21,9,13,8,6,20,31,22,30,21,35,17,20,36,29,31,29,1,15,20,6,10,13,0,0,0,0,0,0,0,0,0,0,0,0,0,0,0,0,0,0,0,0,0,0,0,0,0,0,0,0,0,0,0,0,0,0,0,0,0,0,0,0,0,0,0,0,0,0,0,0,0,0,0,0,0,0,0,0.0
4/7,13,14,10,18,20,43,10,11,15,24,23,6,23,27,24,13,17,38,7,34,36,51,35,26,6,16,24,32,6,18,0,0,0,0,0,0,0,0,0,0,0,0,0,0,0,0,0,0,0,0,0,0,0,0,0,0,0,0,0,0,0,0,0,0,0,0,0,0,0,0,0,0,0,0,0,0,0,0,0,0,0,0,0,0,0,0.0
4/8,11,19,6,32,22,20,20,29,21,20,24,15,16,29,21,32,14,24,10,37,44,54,24,22,6,11,32,31,24,26,0,0,0,0,0,0,0,0,0,0,0,0,0,0,0,0,0,0,0,0,0,0,0,0,0,0,0,0,0,0,0,0,0,0,0,0,0,0,0,0,0,0,0,0,0,0,0,0,0,0,0,0,0,0,0,0.0
4/9,5,6,6,20,10,9,14,16,35,14,22,17,8,27,28,15,6,31,12,20,26,48,11,21,5,11,21,25,13,15,0,0,0,0,0,0,0,0,0,0,0,0,0,0,0,0,0,0,0,0,0,0,0,0,0,0,0,0,0,0,0,0,0,0,0,0,0,0,0,0,0,0,0,0,0,0,0,0,0,0,0,0,0,0,0,0.0
4/10,5,12,14,26,3,10,11,6,20,9,11,11,17,43,38,16,4,12,9,32,12,37,22,13,3,12,15,17,9,14,0,0,0,0,0,0,0,0,0,0,0,0,0,0,0,0,0,0,0,0,0,0,0,0,0,0,0,0,0,0,0,0,0,0,0,0,0,0,0,0,0,0,0,0,0,0,0,0,0,0,0,0,0,0,0,0.0
4/11,10,12,6,13,17,12,4,14,12,13,15,4,11,40,10,23,12,8,6,19,18,40,26,15,6,5,10,16,13,23,0,0,0,0,0,0,0,0,0,0,0,0,0,0,0,0,0,0,0,0,0,0,0,0,0,0,0,0,0,0,0,0,0,0,0,0,0,0,0,0,0,0,0,0,0,0,0,0,0,0,0,0,0,0,0,0.0
4/12,10,8,5,10,11,10,17,17,15,20,9,0,25,30,23,22,4,26,7,16,17,51,8,24,5,7,9,1,14,16,0,0,0,0,0,0,0,0,0,0,0,0,0,0,0,0,0,0,0,0,0,0,0,0,0,0,0,0,0,0,0,0,0,0,0,0,0,0,0,0,0,0,0,0,0,0,0,0,0,0,0,0,0,0,0,0.0
4/13,4,3,6,17,5,18,14,11,15,20,13,11,21,16,27,26,11,12,28,41,22,40,11,17,12,7,14,8,9,14,0,0,0,0,0,0,0,0,0,0,0,0,0,0,0,0,0,0,0,0,0,0,0,0,0,0,0,0,0,0,0,0,0,0,0,0,0,0,0,0,0,0,0,0,0,0,0,0,0,0,0,0,0,0,0,0.0
4/14,6,14,3,9,8,11,7,16,15,18,9,18,14,24,29,23,18,26,14,21,14,69,28,12,6,4,22,7,11,16,0,0,0,0,0,0,0,0,0,0,0,0,0,0,0,0,0,0,0,0,0,0,0,0,0,0,0,0,0,0,0,0,0,0,0,0,0,0,0,0,0,0,0,0,0,0,0,0,0,0,0,0,0,0,0,0.0
4/15,2,17,2,6,8,12,14,16,27,10,7,9,14,51,21,8,9,7,11,24,15,30,16,6,10,-3,9,14,6,16,0,0,0,0,0,0,0,0,0,0,0,0,0,0,0,0,0,0,0,0,0,0,0,0,0,0,0,0,0,0,0,0,0,0,0,0,0,0,0,0,0,0,0,0,0,0,0,0,0,0,0,0,0,0,0,0.0
4/16,0,3,6,11,3,8,9,17,16,8,2,7,8,51,14,19,6,9,18,20,10,44,23,13,7,4,16,3,11,23,0,0,0,0,0,0,0,0,0,0,0,0,0,0,0,0,0,0,0,0,0,0,0,0,0,0,0,0,0,0,0,0,0,0,0,0,0,0,0,0,0,0,0,0,0,0,0,0,0,0,0,0,0,0,0,0.0
4/17,7,5,1,6,5,18,12,15,21,13,1,16,13,28,12,8,12,9,22,35,3,51,17,13,5,4,19,9,11,9,0,0,0,0,0,0,0,0,0,0,0,0,0,0,0,0,0,0,0,0,0,0,0,0,0,0,0,0,0,0,0,0,0,0,0,0,0,0,0,0,0,0,0,0,0,0,0,0,0,0,0,0,0,0,0,0.0
4/18,2,15,5,9,10,7,6,2,15,12,-3,5,10,49,16,12,17,10,16,32,3,27,13,3,5,6,9,15,6,29,0,0,0,0,0,0,0,0,0,0,0,0,0,0,0,0,0,0,0,0,0,0,0,0,0,0,0,0,0,0,0,0,0,0,0,0,0,0,0,0,0,0,0,0,0,0,0,0,0,0,0,0,0,0,0,0.0
4/19,1,5,6,7,7,14,5,11,29,11,5,20,6,10,22,5,19,16,27,24,3,43,15,14,12,2,4,2,11,26,0,0,0,0,0,0,0,0,0,0,0,0,0,0,0,0,0,0,0,0,0,0,0,0,0,0,0,0,0,0,0,0,0,0,0,0,0,0,0,0,0,0,0,0,0,0,0,0,0,0,0,0,0,0,0,0.0
4/20,4,2,4,15,6,4,6,6,15,-2,8,17,15,28,12,6,7,8,31,40,16,34,24,10,10,6,8,8,7,14,0,0,0,0,0,0,0,0,0,0,0,0,0,0,0,0,0,0,0,0,0,0,0,0,0,0,0,0,0,0,0,0,0,0,0,0,0,0,0,0,0,0,0,0,0,0,0,0,0,0,0,0,0,0,0,0.0
4/21,3,4,1,7,7,4,10,17,8,15,-1,18,3,21,30,12,7,2,23,39,12,26,14,11,9,12,-2,5,7,13,0,0,0,0,0,0,0,0,0,0,0,0,0,0,0,0,0,0,0,0,0,0,0,0,0,0,0,0,0,0,0,0,0,0,0,0,0,0,0,0,0,0,0,0,0,0,0,0,0,0,0,0,0,0,0,0.0
4/22,2,9,5,13,11,8,2,10,5,5,6,20,14,14,11,17,13,2,14,27,5,16,16,20,2,9,3,10,5,6,0,0,0,0,0,0,0,0,0,0,0,0,0,0,0,0,0,0,0,0,0,0,0,0,0,0,0,0,0,0,0,0,0,0,0,0,0,0,0,0,0,0,0,0,0,0,0,0,0,0,0,0,0,0,0,0.0
4/23,5,10,4,9,4,4,8,2,11,13,1,21,7,19,12,12,5,3,24,21,6,18,22,14,9,5,14,7,7,17,0,0,0,0,0,0,0,0,0,0,0,0,0,0,0,0,0,0,0,0,0,0,0,0,0,0,0,0,0,0,0,0,0,0,0,0,0,0,0,0,0,0,0,0,0,0,0,0,0,0,0,0,0,0,0,0.0
4/24,4,3,4,3,1,11,6,10,14,4,5,10,7,9,14,6,8,8,18,20,7,28,9,9,2,5,-4,7,6,18,0,0,0,0,0,0,0,0,0,0,0,0,0,0,0,0,0,0,0,0,0,0,0,0,0,0,0,0,0,0,0,0,0,0,0,0,0,0,0,0,0,0,0,0,0,0,0,0,0,0,0,0,0,0,0,0.0
4/25,0,8,2,5,0,6,2,7,11,8,7,11,8,34,8,15,8,5,18,5,15,32,8,6,2,11,0,6,9,3,0,0,0,0,0,0,0,0,0,0,0,0,0,0,0,0,0,0,0,0,0,0,0,0,0,0,0,0,0,0,0,0,0,0,0,0,0,0,0,0,0,0,0,0,0,0,0,0,0,0,0,0,0,0,0,0.0
4/26,5,12,2,6,6,6,11,1,5,8,6,6,17,19,11,16,9,12,19,10,12,18,24,10,6,7,6,2,7,5,0,0,0,0,0,0,0,0,0,0,0,0,0,0,0,0,0,0,0,0,0,0,0,0,0,0,0,0,0,0,0,0,0,0,0,0,0,0,0,0,0,0,0,0,0,0,0,0,0,0,0,0,0,0,0,0.0
4/27,0,9,2,9,2,13,2,1,17,9,8,5,24,13,14,11,5,18,11,7,7,28,10,2,-1,4,6,-2,4,11,0,0,0,0,0,0,0,0,0,0,0,0,0,0,0,0,0,0,0,0,0,0,0,0,0,0,0,0,0,0,0,0,0,0,0,0,0,0,0,0,0,0,0,0,0,0,0,0,0,0,0,0,0,0,0,0.0
4/28,6,4,4,5,2,7,2,4,19,5,12,6,11,29,7,10,5,16,15,7,6,5,0,6,4,2,6,6,2,7,0,0,0,0,0,0,0,0,0,0,0,0,0,0,0,0,0,0,0,0,0,0,0,0,0,0,0,0,0,0,0,0,0,0,0,0,0,0,0,0,0,0,0,0,0,0,0,0,0,0,0,0,0,0,0,0.0
4/29,8,5,6,11,4,10,7,8,19,7,1,8,26,24,11,13,9,15,9,8,9,16,9,5,2,-1,12,3,8,10,0,0,0,0,0,0,0,0,0,0,0,0,0,0,0,0,0,0,0,0,0,0,0,0,0,0,0,0,0,0,0,0,0,0,0,0,0,0,0,0,0,0,0,0,0,0,0,0,0,0,0,0,0,0,0,0.0
4/30,3,3,2,2,6,7,1,6,22,10,4,14,14,21,1,17,6,10,15,8,11,30,7,-1,5,7,4,6,7,8,0,0,0,0,0,0,0,0,0,0,0,0,0,0,0,0,0,0,0,0,0,0,0,0,0,0,0,0,0,0,0,0,0,0,0,0,0,0,0,0,0,0,0,0,0,0,0,0,0,0,0,0,0,0,0,0.0
5/1,3,14,4,4,2,11,4,9,15,8,0,15,19,24,11,7,11,3,13,15,17,19,8,6,3,1,3,-1,8,7,0,0,0,0,0,0,0,0,0,0,0,0,0,0,0,0,0,0,0,0,0,0,0,0,0,0,0,0,0,0,0,0,0,0,0,0,0,0,0,0,0,0,0,0,0,0,0,0,0,0,0,0,0,0,0,0.0
5/2,1,15,1,5,5,14,2,11,19,12,4,3,13,15,7,10,4,11,8,12,12,8,10,-2,2,2,2,-3,3,10,0,0,0,0,0,0,0,0,0,0,0,0,0,0,0,0,0,0,0,0,0,0,0,0,0,0,0,0,0,0,0,0,0,0,0,0,0,0,0,0,0,0,0,0,0,0,0,0,0,0,0,0,0,0,0,0.0
5/3,2,21,0,3,5,15,2,4,16,6,6,16,10,17,7,10,6,4,19,18,2,17,-2,-1,4,3,3,0,6,6,0,0,0,0,0,0,0,0,0,0,0,0,0,0,0,0,0,0,0,0,0,0,0,0,0,0,0,0,0,0,0,0,0,0,0,0,0,0,0,0,0,0,0,0,0,0,0,0,0,0,0,0,0,0,0,0.0
5/4,1,12,1,9,5,7,3,7,5,6,-1,6,6,23,1,4,4,10,3,13,1,28,10,-5,5,4,3,0,0,14,0,0,0,0,0,0,0,0,0,0,0,0,0,0,0,0,0,0,0,0,0,0,0,0,0,0,0,0,0,0,0,0,0,0,0,0,0,0,0,0,0,0,0,0,0,0,0,0,0,0,0,0,0,0,0,0.0
5/5,1,9,2,4,1,10,7,9,5,8,0,9,1,26,13,11,5,9,17,10,2,18,14,0,0,12,2,5,4,14,0,0,0,0,0,0,0,0,0,0,0,0,0,0,0,0,0,0,0,0,0,0,0,0,0,0,0,0,0,0,0,0,0,0,0,0,0,0,0,0,0,0,0,0,0,0,0,0,0,0,0,0,0,0,0,0.0
5/6,1,5,2,4,7,7,6,9,7,4,5,10,8,28,13,2,2,6,5,18,5,1,8,-2,-1,1,2,5,1,14,0,0,0,0,0,0,0,0,0,0,0,0,0,0,0,0,0,0,0,0,0,0,0,0,0,0,0,0,0,0,0,0,0,0,0,0,0,0,0,0,0,0,0,0,0,0,0,0,0,0,0,0,0,0,0,0.0
5/7,3,12,0,5,9,13,5,3,8,8,0,7,13,32,11,6,7,8,7,16,17,15,5,1,1,3,2,5,2,8,0,0,0,0,0,0,0,0,0,0,0,0,0,0,0,0,0,0,0,0,0,0,0,0,0,0,0,0,0,0,0,0,0,0,0,0,0,0,0,0,0,0,0,0,0,0,0,0,0,0,0,0,0,0,0,0.0
5/8,1,10,0,3,7,19,5,12,5,4,0,13,14,35,10,10,4,10,9,12,7,20,10,6,2,0,5,-1,8,11,0,0,0,0,0,0,0,0,0,0,0,0,0,0,0,0,0,0,0,0,0,0,0,0,0,0,0,0,0,0,0,0,0,0,0,0,0,0,0,0,0,0,0,0,0,0,0,0,0,0,0,0,0,0,0,0.0
5/9,0,9,2,4,7,7,8,5,4,-2,4,5,11,26,9,8,4,7,1,8,6,12,10,12,5,1,2,6,2,14,0,0,0,0,0,0,0,0,0,0,0,0,0,0,0,0,0,0,0,0,0,0,0,0,0,0,0,0,0,0,0,0,0,0,0,0,0,0,0,0,0,0,0,0,0,0,0,0,0,0,0,0,0,0,0,0.0
5/10,2,18,0,7,2,16,1,12,3,5,-1,9,10,25,4,6,9,12,8,9,10,20,17,18,3,3,9,6,5,12,0,0,0,0,0,0,0,0,0,0,0,0,0,0,0,0,0,0,0,0,0,0,0,0,0,0,0,0,0,0,0,0,0,0,0,0,0,0,0,0,0,0,0,0,0,0,0,0,0,0,0,0,0,0,0,0.0
5/11,3,8,2,5,5,22,3,5,8,1,-1,10,7,30,10,1,5,19,2,14,7,18,9,9,3,8,15,4,3,6,0,0,0,0,0,0,0,0,0,0,0,0,0,0,0,0,0,0,0,0,0,0,0,0,0,0,0,0,0,0,0,0,0,0,0,0,0,0,0,0,0,0,0,0,0,0,0,0,0,0,0,0,0,0,0,0.0
5/12,1,4,4,7,0,10,3,7,0,2,3,10,10,32,10,8,4,10,14,19,10,18,10,22,5,4,2,7,5,3,0,0,0,0,0,0,0,0,0,0,0,0,0,0,0,0,0,0,0,0,0,0,0,0,0,0,0,0,0,0,0,0,0,0,0,0,0,0,0,0,0,0,0,0,0,0,0,0,0,0,0,0,0,0,0,0.0
5/13,1,5,0,2,2,14,2,16,9,11,4,16,17,28,17,5,1,11,8,11,12,14,14,34,10,1,6,14,1,1,0,0,0,0,0,0,0,0,0,0,0,0,0,0,0,0,0,0,0,0,0,0,0,0,0,0,0,0,0,0,0,0,0,0,0,0,0,0,0,0,0,0,0,0,0,0,0,0,0,0,0,0,0,0,0,0.0
5/14,3,4,4,0,2,9,9,7,4,12,2,27,10,21,6,3,2,14,12,16,13,18,9,18,4,0,3,10,1,14,0,0,0,0,0,0,0,0,0,0,0,0,0,0,0,0,0,0,0,0,0,0,0,0,0,0,0,0,0,0,0,0,0,0,0,0,0,0,0,0,0,0,0,0,0,0,0,0,0,0,0,0,0,0,0,0.0
5/15,3,10,1,0,4,14,6,14,5,5,-3,24,18,32,14,10,5,14,11,29,4,15,13,7,2,0,19,7,6,13,0,0,0,0,0,0,0,0,0,0,0,0,0,0,0,0,0,0,0,0,0,0,0,0,0,0,0,0,0,0,0,0,0,0,0,0,0,0,0,0,0,0,0,0,0,0,0,0,0,0,0,0,0,0,0,0.0
5/16,4,15,1,3,4,10,8,19,3,6,0,24,12,25,8,3,5,14,7,21,11,15,8,14,2,1,7,11,2,13,0,0,0,0,0,0,0,0,0,0,0,0,0,0,0,0,0,0,0,0,0,0,0,0,0,0,0,0,0,0,0,0,0,0,0,0,0,0,0,0,0,0,0,0,0,0,0,0,0,0,0,0,0,0,0,0.0
5/17,1,12,0,6,10,4,6,12,4,10,0,23,6,19,11,2,7,20,13,20,18,15,14,10,2,1,15,15,1,2,0,0,0,0,0,0,0,0,0,0,0,0,0,0,0,0,0,0,0,0,0,0,0,0,0,0,0,0,0,0,0,0,0,0,0,0,0,0,0,0,0,0,0,0,0,0,0,0,0,0,0,0,0,0,0,0.0
5/18,3,16,1,6,5,10,4,13,11,8,4,23,15,24,22,3,4,18,11,27,8,19,10,7,4,1,3,9,2,9,0,0,0,0,0,0,0,0,0,0,0,0,0,0,0,0,0,0,0,0,0,0,0,0,0,0,0,0,0,0,0,0,0,0,0,0,0,0,0,0,0,0,0,0,0,0,0,0,0,0,0,0,0,0,0,0.0
5/19,3,7,0,3,1,7,5,10,17,16,-2,21,6,25,15,14,9,10,21,31,14,14,20,8,2,10,4,1,11,9,0,0,0,0,0,0,0,0,0,0,0,0,0,0,0,0,0,0,0,0,0,0,0,0,0,0,0,0,0,0,0,0,0,0,0,0,0,0,0,0,0,0,0,0,0,0,0,0,0,0,0,0,0,0,0,0.0
5/20,0,6,1,0,0,11,6,13,14,14,4,20,11,15,12,21,7,11,11,15,19,23,17,16,9,2,4,2,2,10,0,0,0,0,0,0,0,0,0,0,0,0,0,0,0,0,0,0,0,0,0,0,0,0,0,0,0,0,0,0,0,0,0,0,0,0,0,0,0,0,0,0,0,0,0,0,0,0,0,0,0,0,0,0,0,0.0
5/21,2,11,2,2,2,16,6,14,24,12,1,12,18,15,17,12,6,17,10,33,18,20,24,13,1,5,2,5,5,10,0,0,0,0,0,0,0,0,0,0,0,0,0,0,0,0,0,0,0,0,0,0,0,0,0,0,0,0,0,0,0,0,0,0,0,0,0,0,0,0,0,0,0,0,0,0,0,0,0,0,0,0,0,0,0,0.0
5/22,5,12,0,8,2,9,8,20,-4,8,2,22,12,19,19,11,6,16,18,25,14,13,20,20,3,4,7,0,6,11,0,0,0,0,0,0,0,0,0,0,0,0,0,0,0,0,0,0,0,0,0,0,0,0,0,0,0,0,0,0,0,0,0,0,0,0,0,0,0,0,0,0,0,0,0,0,0,0,0,0,0,0,0,0,0,0.0
5/23,-1,11,-1,4,3,12,12,24,16,16,0,6,12,18,13,9,10,10,16,21,18,18,15,10,1,6,2,3,0,13,0,0,0,0,0,0,0,0,0,0,0,0,0,0,0,0,0,0,0,0,0,0,0,0,0,0,0,0,0,0,0,0,0,0,0,0,0,0,0,0,0,0,0,0,0,0,0,0,0,0,0,0,0,0,0,0.0
5/24,3,10,5,8,7,9,7,10,8,9,8,12,7,15,9,13,9,6,9,21,14,25,18,11,3,0,0,3,3,10,0,0,0,0,0,0,0,0,0,0,0,0,0,0,0,0,0,0,0,0,0,0,0,0,0,0,0,0,0,0,0,0,0,0,0,0,0,0,0,0,0,0,0,0,0,0,0,0,0,0,0,0,0,0,0,0.0
5/25,1,10,6,4,2,5,4,10,12,17,4,18,10,24,13,11,12,17,5,21,17,24,24,16,9,15,0,3,7,11,0,0,0,0,0,0,0,0,0,0,0,0,0,0,0,0,0,0,0,0,0,0,0,0,0,0,0,0,0,0,0,0,0,0,0,0,0,0,0,0,0,0,0,0,0,0,0,0,0,0,0,0,0,0,0,0.0
5/26,9,19,6,4,7,16,7,15,21,14,11,16,18,18,14,15,19,11,9,22,25,39,32,6,9,5,0,8,6,12,0,0,0,0,0,0,0,0,0,0,0,0,0,0,0,0,0,0,0,0,0,0,0,0,0,0,0,0,0,0,0,0,0,0,0,0,0,0,0,0,0,0,0,0,0,0,0,0,0,0,0,0,0,0,0,0.0
5/27,1,13,4,2,9,11,7,18,16,10,8,15,16,24,21,17,9,11,4,29,27,39,25,19,15,7,9,3,6,14,0,0,0,0,0,0,0,0,0,0,0,0,0,0,0,0,0,0,0,0,0,0,0,0,0,0,0,0,0,0,0,0,0,0,0,0,0,0,0,0,0,0,0,0,0,0,0,0,0,0,0,0,0,0,0,0.0
5/28,2,22,2,11,5,15,14,20,15,24,6,27,14,19,17,9,18,12,23,21,24,51,37,25,3,8,9,2,6,9,0,0,0,0,0,0,0,0,0,0,0,0,0,0,0,0,0,0,0,0,0,0,0,0,0,0,0,0,0,0,0,0,0,0,0,0,0,0,0,0,0,0,0,0,0,0,0,0,0,0,0,0,0,0,0,0.0
5/29,2,14,1,10,9,22,10,25,14,16,12,26,22,43,20,8,13,15,14,42,23,69,19,27,5,11,7,5,6,6,0,0,0,0,0,0,0,0,0,0,0,0,0,0,0,0,0,0,0,0,0,0,0,0,0,0,0,0,0,0,0,0,0,0,0,0,0,0,0,0,0,0,0,0,0,0,0,0,0,0,0,0,0,0,0,0.0
5/30,4,8,3,14,5,18,3,20,21,18,10,17,13,18,13,12,12,7,24,44,20,38,30,20,6,2,6,3,10,15,0,0,0,0,0,0,0,0,0,0,0,0,0,0,0,0,0,0,0,0,0,0,0,0,0,0,0,0,0,0,0,0,0,0,0,0,0,0,0,0,0,0,0,0,0,0,0,0,0,0,0,0,0,0,0,0.0
5/31,7,22,4,11,7,17,9,28,12,15,8,17,15,38,18,7,21,16,39,52,12,33,32,19,7,5,17,9,13,8,0,0,0,0,0,0,0,0,0,0,0,0,0,0,0,0,0,0,0,0,0,0,0,0,0,0,0,0,0,0,0,0,0,0,0,0,0,0,0,0,0,0,0,0,0,0,0,0,0,0,0,0,0,0,0,0.0
6/1,2,11,6,6,10,19,3,39,21,25,12,23,22,48,21,8,14,14,29,49,32,37,47,18,17,6,7,14,8,17,0,0,0,0,0,0,0,0,0,0,0,0,0,0,0,0,0,0,0,0,0,0,0,0,0,0,0,0,0,0,0,0,0,0,0,0,0,0,0,0,0,0,0,0,0,0,0,0,0,0,0,0,0,0,0,0.0
6/2,5,15,7,15,11,24,7,40,18,26,10,17,23,50,19,20,18,20,36,57,30,27,56,28,10,10,6,20,8,19,0,0,0,0,0,0,0,0,0,0,0,0,0,0,0,0,0,0,0,0,0,0,0,0,0,0,0,0,0,0,0,0,0,0,0,0,0,0,0,0,0,0,0,0,0,0,0,0,0,0,0,0,0,0,0,0.0
6/3,6,25,8,19,7,28,6,47,23,35,11,34,18,50,33,17,12,21,30,72,24,44,58,18,6,3,1,18,8,23,0,0,0,0,0,0,0,0,0,0,0,0,0,0,0,0,0,0,0,0,0,0,0,0,0,0,0,0,0,0,0,0,0,0,0,0,0,0,0,0,0,0,0,0,0,0,0,0,0,0,0,0,0,0,0,0.0
6/4,7,21,8,21,6,17,11,69,20,24,9,18,39,41,30,38,18,10,46,79,45,63,58,36,6,4,3,10,10,14,0,0,0,0,0,0,0,0,0,0,0,0,0,0,0,0,0,0,0,0,0,0,0,0,0,0,0,0,0,0,0,0,0,0,0,0,0,0,0,0,0,0,0,0,0,0,0,0,0,0,0,0,0,0,0,0.0
6/5,9,23,6,20,6,27,5,53,21,37,14,29,25,57,24,27,32,19,32,85,41,50,63,50,11,9,0,19,6,23,0,0,0,0,0,0,0,0,0,0,0,0,0,0,0,0,0,0,0,0,0,0,0,0,0,0,0,0,0,0,0,0,0,0,0,0,0,0,0,0,0,0,0,0,0,0,0,0,0,0,0,0,0,0,0,0.0
6/6,10,31,5,20,9,23,11,46,23,35,18,27,30,65,25,30,14,37,49,139,38,72,50,53,11,9,4,8,2,14,0,0,0,0,0,0,0,0,0,0,0,0,0,0,0,0,0,0,0,0,0,0,0,0,0,0,0,0,0,0,0,0,0,0,0,0,0,0,0,0,0,0,0,0,0,0,0,0,0,0,0,0,0,0,0,0.0
6/7,11,41,5,32,10,26,6,69,31,37,6,34,23,53,23,28,13,35,71,103,37,57,60,40,9,7,10,12,7,26,0,0,0,0,0,0,0,0,0,0,0,0,0,0,0,0,0,0,0,0,0,0,0,0,0,0,0,0,0,0,0,0,0,0,0,0,0,0,0,0,0,0,0,0,0,0,0,0,0,0,0,0,0,0,0,0.0
6/8,8,31,2,21,7,39,17,59,36,48,14,40,21,51,24,22,10,33,61,82,59,69,59,49,12,13,18,12,1,31,0,0,0,0,0,0,0,0,0,0,0,0,0,0,0,0,0,0,0,0,0,0,0,0,0,0,0,0,0,0,0,0,0,0,0,0,0,0,0,0,0,0,0,0,0,0,0,0,0,0,0,0,0,0,0,0.0
6/9,7,35,4,32,8,24,10,50,41,57,16,51,43,58,29,30,18,74,94,78,39,68,66,62,12,10,5,17,12,17,0,0,0,0,0,0,0,0,0,0,0,0,0,0,0,0,0,0,0,0,0,0,0,0,0,0,0,0,0,0,0,0,0,0,0,0,0,0,0,0,0,0,0,0,0,0,0,0,0,0,0,0,0,0,0,0.0
6/10,10,41,9,29,17,46,10,74,35,65,18,36,45,79,32,31,18,56,54,96,56,48,104,46,13,11,5,11,8,14,0,0,0,0,0,0,0,0,0,0,0,0,0,0,0,0,0,0,0,0,0,0,0,0,0,0,0,0,0,0,0,0,0,0,0,0,0,0,0,0,0,0,0,0,0,0,0,0,0,0,0,0,0,0,0,0.0
6/11,19,37,18,24,15,39,17,90,49,72,20,40,25,78,59,41,16,65,88,108,45,62,115,58,12,19,16,17,21,15,0,0,0,0,0,0,0,0,0,0,0,0,0,0,0,0,0,0,0,0,0,0,0,0,0,0,0,0,0,0,0,0,0,0,0,0,0,0,0,0,0,0,0,0,0,0,0,0,0,0,0,0,0,0,0,0.0
6/12,15,47,11,29,15,49,10,93,39,66,25,52,52,86,53,61,9,36,96,126,40,91,124,55,26,22,12,10,10,37,0,0,0,0,0,0,0,0,0,0,0,0,0,0,0,0,0,0,0,0,0,0,0,0,0,0,0,0,0,0,0,0,0,0,0,0,0,0,0,0,0,0,0,0,0,0,0,0,0,0,0,0,0,0,0,0.0
6/13,21,59,13,41,17,28,17,69,41,79,21,57,47,111,64,82,22,36,85,130,54,130,87,63,24,14,12,15,14,25,0,0,0,0,0,0,0,0,0,0,0,0,0,0,0,0,0,0,0,0,0,0,0,0,0,0,0,0,0,0,0,0,0,0,0,0,0,0,0,0,0,0,0,0,0,0,0,0,0,0,0,0,0,0,0,0.0
6/14,19,56,9,37,29,37,13,84,46,81,17,45,48,135,43,88,14,59,88,131,59,169,131,73,32,32,0,18,11,38,0,0,0,0,0,0,0,0,0,0,0,0,0,0,0,0,0,0,0,0,0,0,0,0,0,0,0,0,0,0,0,0,0,0,0,0,0,0,0,0,0,0,0,0,0,0,0,0,0,0,0,0,0,0,0,0.0
6/15,23,52,13,48,25,42,15,115,57,60,25,76,52,162,59,90,10,27,126,137,53,170,159,86,21,22,10,20,13,40,0,0,0,0,0,0,0,0,0,0,0,0,0,0,0,0,0,0,0,0,0,0,0,0,0,0,0,0,0,0,0,0,0,0,0,0,0,0,0,0,0,0,0,0,0,0,0,0,0,0,0,0,0,0,0,0.0
6/16,27,41,9,46,17,70,21,128,67,71,30,86,67,162,61,68,28,43,109,161,84,155,206,91,25,18,12,27,21,29,0,0,0,0,0,0,0,0,0,0,0,0,0,0,0,0,0,0,0,0,0,0,0,0,0,0,0,0,0,0,0,0,0,0,0,0,0,0,0,0,0,0,0,0,0,0,0,0,0,0,0,0,0,0,0,0.0
6/17,27,45,13,48,20,52,16,127,74,77,36,99,54,163,59,108,22,86,124,214,104,164,280,96,30,21,14,12,12,40,0,0,0,0,0,0,0,0,0,0,0,0,0,0,0,0,0,0,0,0,0,0,0,0,0,0,0,0,0,0,0,0,0,0,0,0,0,0,0,0,0,0,0,0,0,0,0,0,0,0,0,0,0,0,0,0.0
6/18,36,47,13,55,24,54,27,100,107,79,34,89,68,185,59,84,25,48,113,222,111,204,250,102,30,27,19,15,20,39,0,0,0,0,0,0,0,0,0,0,0,0,0,0,0,0,0,0,0,0,0,0,0,0,0,0,0,0,0,0,0,0,0,0,0,0,0,0,0,0,0,0,0,0,0,0,0,0,0,0,0,0,0,0,0,0.0
6/19,17,40,22,54,44,72,37,106,120,104,54,124,52,301,77,141,26,66,113,258,87,246,300,147,24,38,19,22,25,31,0,0,0,0,0,0,0,0,0,0,0,0,0,0,0,0,0,0,0,0,0,0,0,0,0,0,0,0,0,0,0,0,0,0,0,0,0,0,0,0,0,0,0,0,0,0,0,0,0,0,0,0,0,0,0,0.0
6/20,54,50,40,103,47,78,41,124,108,142,51,124,49,343,62,152,31,49,128,299,87,258,332,220,22,52,24,22,33,41,0,0,0,0,0,0,0,0,0,0,0,0,0,0,0,0,0,0,0,0,0,0,0,0,0,0,0,0,0,0,0,0,0,0,0,0,0,0,0,0,0,0,0,0,0,0,0,0,0,0,0,0,0,0,0,0.0
6/21,48,80,51,91,55,102,46,154,116,167,45,98,52,377,120,111,47,65,168,314,145,350,373,262,24,58,20,27,17,62,0,0,0,0,0,0,0,0,0,0,0,0,0,0,0,0,0,0,0,0,0,0,0,0,0,0,0,0,0,0,0,0,0,0,0,0,0,0,0,0,0,0,0,0,0,0,0,0,0,0,0,0,0,0,0,0.0
6/22,46,92,40,92,46,85,33,244,132,188,62,108,76,458,117,145,47,39,179,394,168,416,433,300,39,82,30,23,21,39,0,0,0,0,0,0,0,0,0,0,0,0,0,0,0,0,0,0,0,0,0,0,0,0,0,0,0,0,0,0,0,0,0,0,0,0,0,0,0,0,0,0,0,0,0,0,0,0,0,0,0,0,0,0,0,0.0
6/23,70,116,28,93,52,76,26,218,144,229,68,125,99,513,105,159,64,64,158,392,168,400,376,336,43,92,23,20,30,59,0,0,0,0,0,0,0,0,0,0,0,0,0,0,0,0,0,0,0,0,0,0,0,0,0,0,0,0,0,0,0,0,0,0,0,0,0,0,0,0,0,0,0,0,0,0,0,0,0,0,0,0,0,0,0,0.0
6/24,74,103,44,122,59,93,42,199,105,299,45,107,112,548,97,160,73,64,171,339,162,503,404,401,47,59,15,28,37,74,0,0,0,0,0,0,0,0,0,0,0,0,0,0,0,0,0,0,0,0,0,0,0,0,0,0,0,0,0,0,0,0,0,0,0,0,0,0,0,0,0,0,0,0,0,0,0,0,0,0,0,0,0,0,0,0.0
6/25,83,116,59,132,62,119,24,248,125,311,74,140,143,580,115,251,86,69,152,424,201,465,304,355,54,102,22,53,37,107,0,0,0,0,0,0,0,0,0,0,0,0,0,0,0,0,0,0,0,0,0,0,0,0,0,0,0,0,0,0,0,0,0,0,0,0,0,0,0,0,0,0,0,0,0,0,0,0,0,0,0,0,0,0,0,0.0
6/26,96,166,58,134,105,127,40,232,160,336,88,180,154,753,143,313,60,142,186,424,196,716,339,388,66,94,21,33,53,112,0,0,0,0,0,0,0,0,0,0,0,0,0,0,0,0,0,0,0,0,0,0,0,0,0,0,0,0,0,0,0,0,0,0,0,0,0,0,0,0,0,0,0,0,0,0,0,0,0,0,0,0,0,0,0,0.0
6/27,97,224,79,134,84,146,49,255,229,330,98,164,168,1026,188,273,120,188,230,379,368,631,328,408,61,96,54,40,44,100,0,0,0,0,0,0,0,0,0,0,0,0,0,0,0,0,0,0,0,0,0,0,0,0,0,0,0,0,0,0,0,0,0,0,0,0,0,0,0,0,0,0,0,0,0,0,0,0,0,0,0,0,0,0,0,0.0
6/28,96,205,88,189,138,183,71,187,265,372,109,162,227,1003,254,345,180,214,258,463,305,623,495,417,70,102,49,62,70,131,0,0,0,0,0,0,0,0,0,0,0,0,0,0,0,0,0,0,0,0,0,0,0,0,0,0,0,0,0,0,0,0,0,0,0,0,0,0,0,0,0,0,0,0,0,0,0,0,0,0,0,0,0,0,0,0.0
6/29,123,240,112,163,119,165,54,350,302,404,118,209,268,1097,293,399,179,206,290,524,424,631,529,482,62,154,60,61,78,155,0,0,0,0,0,0,0,0,0,0,0,0,0,0,0,0,0,0,0,0,0,0,0,0,0,0,0,0,0,0,0,0,0,0,0,0,0,0,0,0,0,0,0,0,0,0,0,0,0,0,0,0,0,0,0,0.0
6/30,162,242,96,175,171,179,49,397,277,284,84,192,227,1094,334,415,164,157,185,534,443,646,466,480,90,188,50,57,74,121,0,0,0,0,0,0,0,0,0,0,0,0,0,0,0,0,0,0,0,0,0,0,0,0,0,0,0,0,0,0,0,0,0,0,0,0,0,0,0,0,0,0,0,0,0,0,0,0,0,0,0,0,0,0,0,0.0
7/1,204,271,89,202,159,167,40,310,271,441,132,301,304,1361,355,473,213,211,409,596,527,753,552,624,69,143,60,65,98,133,0,0,0,0,0,0,0,0,0,0,0,0,0,0,0,0,0,0,0,0,0,0,0,0,0,0,0,0,0,0,0,0,0,0,0,0,0,0,0,0,0,0,0,0,0,0,0,0,0,0,0,0,0,0,0,0.0
7/2,200,206,96,224,203,189,67,305,240,565,158,294,346,1851,422,522,190,234,487,645,463,649,690,567,102,232,63,57,73,169,0,0,0,0,0,0,0,0,0,0,0,0,0,0,0,0,0,0,0,0,0,0,0,0,0,0,0,0,0,0,0,0,0,0,0,0,0,0,0,0,0,0,0,0,0,0,0,0,0,0,0,0,0,0,0,0.0
7/3,185,290,82,271,272,145,88,385,317,720,142,354,476,1320,555,587,234,267,569,558,486,810,984,410,112,189,60,68,86,118,0,0,0,0,0,0,0,0,0,0,0,0,0,0,0,0,0,0,0,0,0,0,0,0,0,0,0,0,0,0,0,0,0,0,0,0,0,0,0,0,0,0,0,0,0,0,0,0,0,0,0,0,0,0,0,0.0
7/4,281,255,118,291,298,197,71,401,314,755,176,311,385,1589,597,726,275,283,570,465,495,870,1159,580,146,212,77,78,122,177,0,0,0,0,0,0,0,0,0,0,0,0,0,0,0,0,0,0,0,0,0,0,0,0,0,0,0,0,0,0,0,0,0,0,0,0,0,0,0,0,0,0,0,0,0,0,0,0,0,0,0,0,0,0,0,0.0
7/5,310,305,144,311,307,279,78,422,326,729,260,416,512,1881,624,677,313,299,728,507,434,766,1392,656,118,235,87,58,128,188,0,0,0,0,0,0,0,0,0,0,0,0,0,0,0,0,0,0,0,0,0,0,0,0,0,0,0,0,0,0,0,0,0,0,0,0,0,0,0,0,0,0,0,0,0,0,0,0,0,0,0,0,0,0,0,0.0
7/6,333,464,162,277,269,295,89,452,315,875,243,425,599,2059,709,866,359,321,886,613,551,723,1841,528,260,244,94,81,106,189,0,0,0,0,0,0,0,0,0,0,0,0,0,0,0,0,0,0,0,0,0,0,0,0,0,0,0,0,0,0,0,0,0,0,0,0,0,0,0,0,0,0,0,0,0,0,0,0,0,0,0,0,0,0,0,0.0
7/7,315,474,207,350,237,383,143,471,422,1198,312,496,647,2125,617,1135,439,404,830,961,822,983,1775,590,219,242,115,110,149,295,0,0,0,0,0,0,0,0,0,0,0,0,0,0,0,0,0,0,0,0,0,0,0,0,0,0,0,0,0,0,0,0,0,0,0,0,0,0,0,0,0,0,0,0,0,0,0,0,0,0,0,0,0,0,0,0.0
7/8,377,374,180,354,292,318,119,561,456,1276,401,557,589,2397,590,1078,480,366,731,858,910,1212,1500,596,302,299,169,117,92,307,0,0,0,0,0,0,0,0,0,0,0,0,0,0,0,0,0,0,0,0,0,0,0,0,0,0,0,0,0,0,0,0,0,0,0,0,0,0,0,0,0,0,0,0,0,0,0,0,0,0,0,0,0,0,0,0.0
7/9,423,452,184,378,352,386,135,427,500,1263,429,602,587,2964,565,1419,416,456,918,1067,797,1043,1393,585,278,382,173,122,165,276,0,0,0,0,0,0,0,0,0,0,0,0,0,0,0,0,0,0,0,0,0,0,0,0,0,0,0,0,0,0,0,0,0,0,0,0,0,0,0,0,0,0,0,0,0,0,0,0,0,0,0,0,0,0,0,0.0
7/10,392,578,199,416,330,456,128,402,605,1425,449,676,659,2813,744,1375,467,622,749,818,874,1561,1547,799,441,456,183,160,221,347,0,0,0,0,0,0,0,0,0,0,0,0,0,0,0,0,0,0,0,0,0,0,0,0,0,0,0,0,0,0,0,0,0,0,0,0,0,0,0,0,0,0,0,0,0,0,0,0,0,0,0,0,0,0,0,0.0
7/11,503,438,273,410,385,251,173,482,541,1236,474,756,690,4053,780,1706,604,643,725,875,1118,1625,1563,746,518,467,189,277,6,309,0,0,0,0,0,0,0,0,0,0,0,0,0,0,0,0,0,0,0,0,0,0,0,0,0,0,0,0,0,0,0,0,0,0,0,0,0,0,0,0,0,0,0,0,0,0,0,0,0,0,0,0,0,0,0,0.0
7/12,515,555,274,486,395,335,171,481,377,1271,643,912,756,4030,907,1618,624,678,621,959,1390,2261,1720,764,496,470,141,250,35,306,0,0,0,0,0,0,0,0,0,0,0,0,0,0,0,0,0,0,0,0,0,0,0,0,0,0,0,0,0,0,0,0,0,0,0,0,0,0,0,0,0,0,0,0,0,0,0,0,0,0,0,0,0,0,0,0.0
7/13,490,616,295,421,361,432,173,476,436,1286,670,1124,1008,3752,1238,1955,677,837,834,972,1545,1974,1786,950,590,366,164,205,263,340,0,0,0,0,0,0,0,0,0,0,0,0,0,0,0,0,0,0,0,0,0,0,0,0,0,0,0,0,0,0,0,0,0,0,0,0,0,0,0,0,0,0,0,0,0,0,0,0,0,0,0,0,0,0,0,0.0
7/14,544,551,275,550,401,358,246,416,606,1317,570,1181,943,3662,1384,2470,701,611,783,1452,1750,1516,2420,808,493,393,236,231,238,425,0,0,0,0,0,0,0,0,0,0,0,0,0,0,0,0,0,0,0,0,0,0,0,0,0,0,0,0,0,0,0,0,0,0,0,0,0,0,0,0,0,0,0,0,0,0,0,0,0,0,0,0,0,0,0,0.0
7/15,577,528,246,533,493,468,231,493,1167,1364,833,1207,1306,2544,1255,2041,845,582,931,1609,1495,1627,2691,942,752,436,148,340,248,436,0,0,0,0,0,0,0,0,0,0,0,0,0,0,0,0,0,0,0,0,0,0,0,0,0,0,0,0,0,0,0,0,0,0,0,0,0,0,0,0,0,0,0,0,0,0,0,0,0,0,0,0,0,0,0,0.0
7/16,689,588,256,541,550,404,381,789,1325,1792,1314,1303,1402,1985,1284,2382,855,602,873,1858,1583,1422,2485,1316,698,468,211,376,221,406,0,0,0,0,0,0,0,0,0,0,0,0,0,0,0,0,0,0,0,0,0,0,0,0,0,0,0,0,0,0,0,0,0,0,0,0,0,0,0,0,0,0,0,0,0,0,0,0,0,0,0,0,0,0,0,0.0
7/17,737,548,265,444,503,446,285,782,1205,1599,1174,1474,1708,2471,1333,2794,710,728,881,1513,2032,2055,1991,1819,742,511,259,361,206,367,0,0,0,0,0,0,0,0,0,0,0,0,0,0,0,0,0,0,0,0,0,0,0,0,0,0,0,0,0,0,0,0,0,0,0,0,0,0,0,0,0,0,0,0,0,0,0,0,0,0,0,0,0,0,0,0.0
7/18,573,461,210,618,570,410,353,663,940,1489,1337,1425,1750,2580,1393,2801,627,715,1101,1657,1991,2201,2249,2062,736,542,297,321,251,495,0,0,0,0,0,0,0,0,0,0,0,0,0,0,0,0,0,0,0,0,0,0,0,0,0,0,0,0,0,0,0,0,0,0,0,0,0,0,0,0,0,0,0,0,0,0,0,0,0,0,0,0,0,0,0,0.0
7/19,435,389,192,557,395,408,402,485,808,1732,1524,1511,1411,2819,2053,2526,986,866,1176,1477,2973,2163,2095,1709,745,444,285,345,226,410,0,0,0,0,0,0,0,0,0,0,0,0,0,0,0,0,0,0,0,0,0,0,0,0,0,0,0,0,0,0,0,0,0,0,0,0,0,0,0,0,0,0,0,0,0,0,0,0,0,0,0,0,0,0,0,0.0
7/20,NA,366,331,495,470,331,450,604,1079,1908,1444,1653,1729,3207,2741,2214,1169,901,1539,1361,2186,2085,3160,1325,617,452,395,295,276,416,0,0,0,0,0,0,0,0,0,0,0,0,0,0,0,0,0,0,0,0,0,0,0,0,0,0,0,0,0,0,0,0,0,0,0,0,0,0,0,0,0,0,0,0,0,0,0,0,0,0,0,0,0,0,0,0.0
7/21,NA,525,318,631,522,341,387,644,1363,1731,1274,1202,1831,2243,3294,1942,1314,948,1606,1121,1583,935,2889,1371,739,466,465,291,325,637,0,0,0,0,0,0,0,0,0,0,0,0,0,0,0,0,0,0,0,0,0,0,0,0,0,0,0,0,0,0,0,0,0,0,0,0,0,0,0,0,0,0,0,0,0,0,0,0,0,0,0,0,0,0,0,0.0
7/22,NA,512,274,897,537,318,421,710,1087,2145,1453,1718,1908,2549,3657,1759,996,990,1656,1264,2556,2290,2562,1215,931,546,539,331,417,484,0,0,0,0,0,0,0,0,0,0,0,0,0,0,0,0,0,0,0,0,0,0,0,0,0,0,0,0,0,0,0,0,0,0,0,0,0,0,0,0,0,0,0,0,0,0,0,0,0,0,0,0,0,0,0,0.0
7/23,NA,695,226,1023,575,492,333,700,1029,1976,1813,1397,1887,2238,3602,1362,1253,1121,1900,1136,2173,2408,3847,1208,861,441,522,425,407,480,0,0,0,0,0,0,0,0,0,0,0,0,0,0,0,0,0,0,0,0,0,0,0,0,0,0,0,0,0,0,0,0,0,0,0,0,0,0,0,0,0,0,0,0,0,0,0,0,0,0,0,0,0,0,0,0.0
7/24,NA,537,274,950,506,463,540,682,1006,2391,2161,1217,2516,2235,2756,1423,1318,930,1540,945,1995,1971,3516,1186,980,683,565,537,378,345,0,0,0,0,0,0,0,0,0,0,0,0,0,0,0,0,0,0,0,0,0,0,0,0,0,0,0,0,0,0,0,0,0,0,0,0,0,0,0,0,0,0,0,0,0,0,0,0,0,0,0,0,0,0,0,0.0
7/25,NA,690,269,732,643,739,521,606,1612,1837,2230,1771,2716,2316,2826,1715,1143,1077,1415,1179,1246,2818,3480,1707,870,662,854,637,411,288,0,0,0,0,0,0,0,0,0,0,0,0,0,0,0,0,0,0,0,0,0,0,0,0,0,0,0,0,0,0,0,0,0,0,0,0,0,0,0,0,0,0,0,0,0,0,0,0,0,0,0,0,0,0,0,0.0
7/26,NA,687,261,850,454,771,699,958,2610,1530,2128,1632,3293,2559,2634,1637,1151,896,1423,913,1200,1851,3569,1558,937,644,773,861,369,267,0,0,0,0,0,0,0,0,0,0,0,0,0,0,0,0,0,0,0,0,0,0,0,0,0,0,0,0,0,0,0,0,0,0,0,0,0,0,0,0,0,0,0,0,0,0,0,0,0,0,0,0,0,0,0,0.0
7/27,NA,590,248,792,659,570,765,998,2112,1886,1910,1865,3171,2637,2293,1693,813,775,1594,792,1215,1545,3684,1337,1365,679,775,832,444,210,0,0,0,0,0,0,0,0,0,0,0,0,0,0,0,0,0,0,0,0,0,0,0,0,0,0,0,0,0,0,0,0,0,0,0,0,0,0,0,0,0,0,0,0,0,0,0,0,0,0,0,0,0,0,0,0.0
7/28,NA,656,221,929,715,577,534,883,1881,1885,2435,1798,3574,2895,2600,1985,754,615,1662,732,1278,1548,4162,1266,1320,503,942,740,490,246,0,0,0,0,0,0,0,0,0,0,0,0,0,0,0,0,0,0,0,0,0,0,0,0,0,0,0,0,0,0,0,0,0,0,0,0,0,0,0,0,0,0,0,0,0,0,0,0,0,0,0,0,0,0,0,0.0
7/29,NA,637,190,1182,618,471,556,700,1992,2163,2505,1562,2536,2090,2387,1855,1095,610,1727,624,1128,1219,3590,1316,1243,613,1268,919,488,384,0,0,0,0,0,0,0,0,0,0,0,0,0,0,0,0,0,0,0,0,0,0,0,0,0,0,0,0,0,0,0,0,0,0,0,0,0,0,0,0,0,0,0,0,0,0,0,0,0,0,0,0,0,0,0,0.0
7/30,NA,664,166,1024,559,444,475,671,2665,2526,1913,1157,4070,1866,2994,1583,1071,588,1380,700,1323,2070,3602,1202,1339,548,1475,752,486,375,0,0,0,0,0,0,0,0,0,0,0,0,0,0,0,0,0,0,0,0,0,0,0,0,0,0,0,0,0,0,0,0,0,0,0,0,0,0,0,0,0,0,0,0,0,0,0,0,0,0,0,0,0,0,0,0.0
7/31,NA,552,211,925,440,352,473,601,3418,1984,1721,1115,3236,1801,3335,1738,882,938,1045,972,1698,2091,2715,1388,1149,524,1161,697,496,370,0,0,0,0,0,0,0,0,0,0,0,0,0,0,0,0,0,0,0,0,0,0,0,0,0,0,0,0,0,0,0,0,0,0,0,0,0,0,0,0,0,0,0,0,0,0,0,0,0,0,0,0,0,0,0,0.0
8/1,NA,474,177,687,717,471,429,404,2867,2220,1799,2086,3300,1963,2620,1234,2015,965,1807,887,2042,2231,2946,1419,1278,296,1171,589,560,370,0,0,0,0,0,0,0,0,0,0,0,0,0,0,0,0,0,0,0,0,0,0,0,0,0,0,0,0,0,0,0,0,0,0,0,0,0,0,0,0,0,0,0,0,0,0,0,0,0,0,0,0,0,0,0,0.0
8/2,NA,478,163,649,551,448,732,416,2505,1878,1799,1399,2428,2161,2113,1230,2143,1336,1057,1201,1755,1805,3371,1061,1283,229,1044,451,534,454,0,0,0,0,0,0,0,0,0,0,0,0,0,0,0,0,0,0,0,0,0,0,0,0,0,0,0,0,0,0,0,0,0,0,0,0,0,0,0,0,0,0,0,0,0,0,0,0,0,0,0,0,0,0,0,0.0
8/3,NA,461,116,588,592,449,817,400,1502,1620,2007,1277,2816,2124,1388,1159,1856,1384,1558,1893,1529,2242,3492,840,1725,335,1309,599,527,494,0,0,0,0,0,0,0,0,0,0,0,0,0,0,0,0,0,0,0,0,0,0,0,0,0,0,0,0,0,0,0,0,0,0,0,0,0,0,0,0,0,0,0,0,0,0,0,0,0,0,0,0,0,0,0,0.0
8/4,NA,414,196,535,690,398,677,434,992,1543,2491,1405,2336,2102,754,1087,2101,1481,1087,2537,1416,2740,2861,800,1306,495,1112,679,554,299,0,0,0,0,0,0,0,0,0,0,0,0,0,0,0,0,0,0,0,0,0,0,0,0,0,0,0,0,0,0,0,0,0,0,0,0,0,0,0,0,0,0,0,0,0,0,0,0,0,0,0,0,0,0,0,0.0
8/5,NA,303,324,632,658,359,826,517,1011,1380,3060,1220,2243,2035,699,1244,1815,1443,1230,2481,2129,2512,2449,706,1174,595,1002,777,521,472,0,0,0,0,0,0,0,0,0,0,0,0,0,0,0,0,0,0,0,0,0,0,0,0,0,0,0,0,0,0,0,0,0,0,0,0,0,0,0,0,0,0,0,0,0,0,0,0,0,0,0,0,0,0,0,0.0
8/6,NA,281,272,562,703,506,460,546,1200,1780,3860,1462,2152,2318,578,1117,1571,1800,1136,1833,2118,1814,2832,800,914,615,625,505,457,241,0,0,0,0,0,0,0,0,0,0,0,0,0,0,0,0,0,0,0,0,0,0,0,0,0,0,0,0,0,0,0,0,0,0,0,0,0,0,0,0,0,0,0,0,0,0,0,0,0,0,0,0,0,0,0,0.0
8/7,NA,307,340,629,855,590,211,613,1610,1544,3899,1806,2260,2508,1194,997,1348,1738,1300,1294,1955,2175,2488,981,1060,420,673,619,544,194,0,0,0,0,0,0,0,0,0,0,0,0,0,0,0,0,0,0,0,0,0,0,0,0,0,0,0,0,0,0,0,0,0,0,0,0,0,0,0,0,0,0,0,0,0,0,0,0,0,0,0,0,0,0,0,0.0
8/8,NA,431,257,722,729,535,224,568,1643,1649,3527,1033,2131,2690,1857,1079,1089,1473,1210,1294,1651,1167,2076,1062,903,260,732,578,447,316,0,0,0,0,0,0,0,0,0,0,0,0,0,0,0,0,0,0,0,0,0,0,0,0,0,0,0,0,0,0,0,0,0,0,0,0,0,0,0,0,0,0,0,0,0,0,0,0,0,0,0,0,0,0,0,0.0
8/9,NA,405,207,360,648,479,204,504,1830,1454,2746,1182,1797,2172,2192,792,1213,2032,886,1571,1756,1518,1489,904,992,386,553,556,381,345,0,0,0,0,0,0,0,0,0,0,0,0,0,0,0,0,0,0,0,0,0,0,0,0,0,0,0,0,0,0,0,0,0,0,0,0,0,0,0,0,0,0,0,0,0,0,0,0,0,0,0,0,0,0,0,0.0
8/10,NA,490,202,462,425,347,366,460,1878,1789,2083,1079,1705,1510,3016,806,1099,1477,959,1759,1936,2196,1829,788,1216,761,475,577,438,323,0,0,0,0,0,0,0,0,0,0,0,0,0,0,0,0,0,0,0,0,0,0,0,0,0,0,0,0,0,0,0,0,0,0,0,0,0,0,0,0,0,0,0,0,0,0,0,0,0,0,0,0,0,0,0,0.0
8/11,NA,480,423,399,511,238,462,439,2099,1876,1669,950,2099,1316,6301,757,1365,1246,844,2260,2214,1893,2141,786,838,849,530,677,408,315,0,0,0,0,0,0,0,0,0,0,0,0,0,0,0,0,0,0,0,0,0,0,0,0,0,0,0,0,0,0,0,0,0,0,0,0,0,0,0,0,0,0,0,0,0,0,0,0,0,0,0,0,0,0,0,0.0
8/12,NA,240,578,222,656,201,373,484,1791,2720,1277,946,2001,1192,8462,707,1474,1069,679,1704,1464,2174,1384,705,1223,823,401,553,491,463,0,0,0,0,0,0,0,0,0,0,0,0,0,0,0,0,0,0,0,0,0,0,0,0,0,0,0,0,0,0,0,0,0,0,0,0,0,0,0,0,0,0,0,0,0,0,0,0,0,0,0,0,0,0,0,0.0
8/13,NA,264,512,226,621,180,263,674,1872,3758,1085,1076,2366,1317,8557,914,1522,1263,808,1081,1362,1844,1473,1029,1027,645,432,421,413,416,0,0,0,0,0,0,0,0,0,0,0,0,0,0,0,0,0,0,0,0,0,0,0,0,0,0,0,0,0,0,0,0,0,0,0,0,0,0,0,0,0,0,0,0,0,0,0,0,0,0,0,0,0,0,0,0.0
8/14,NA,407,469,259,720,182,223,587,1376,2871,1002,1179,1940,1582,5517,750,1805,1116,743,623,1630,1496,1280,1088,921,399,257,285,418,358,0,0,0,0,0,0,0,0,0,0,0,0,0,0,0,0,0,0,0,0,0,0,0,0,0,0,0,0,0,0,0,0,0,0,0,0,0,0,0,0,0,0,0,0,0,0,0,0,0,0,0,0,0,0,0,0.0
8/15,NA,704,338,159,562,155,223,499,1172,2123,1317,1002,2194,1466,4768,888,1668,1162,912,511,2045,1849,1066,1250,731,321,263,405,573,315,0,0,0,0,0,0,0,0,0,0,0,0,0,0,0,0,0,0,0,0,0,0,0,0,0,0,0,0,0,0,0,0,0,0,0,0,0,0,0,0,0,0,0,0,0,0,0,0,0,0,0,0,0,0,0,0.0
8/16,NA,517,140,205,493,220,259,323,1078,1302,1204,1010,1784,1565,3971,898,1710,1321,1256,505,1965,1584,813,1084,674,258,171,357,578,296,0,0,0,0,0,0,0,0,0,0,0,0,0,0,0,0,0,0,0,0,0,0,0,0,0,0,0,0,0,0,0,0,0,0,0,0,0,0,0,0,0,0,0,0,0,0,0,0,0,0,0,0,0,0,0,0.0
8/17,NA,611,168,557,624,159,448,235,625,989,1198,868,1788,1186,3501,1085,1886,1283,947,547,1586,1194,677,993,788,185,258,383,594,243,0,0,0,0,0,0,0,0,0,0,0,0,0,0,0,0,0,0,0,0,0,0,0,0,0,0,0,0,0,0,0,0,0,0,0,0,0,0,0,0,0,0,0,0,0,0,0,0,0,0,0,0,0,0,0,0.0
8/18,NA,515,123,271,375,175,801,400,586,1260,922,724,2048,968,2655,1178,2092,1006,624,515,1395,1206,769,917,816,120,182,341,432,209,0,0,0,0,0,0,0,0,0,0,0,0,0,0,0,0,0,0,0,0,0,0,0,0,0,0,0,0,0,0,0,0,0,0,0,0,0,0,0,0,0,0,0,0,0,0,0,0,0,0,0,0,0,0,0,0.0
8/19,NA,434,92,405,382,169,747,564,803,1692,747,733,1743,733,2060,703,2132,942,524,538,1202,882,961,960,708,132,321,304,409,195,0,0,0,0,0,0,0,0,0,0,0,0,0,0,0,0,0,0,0,0,0,0,0,0,0,0,0,0,0,0,0,0,0,0,0,0,0,0,0,0,0,0,0,0,0,0,0,0,0,0,0,0,0,0,0,0.0
8/20,NA,260,105,355,371,227,1137,493,1105,1367,944,633,1743,570,3452,524,1717,897,426,554,975,695,1170,905,850,67,449,266,418,167,0,0,0,0,0,0,0,0,0,0,0,0,0,0,0,0,0,0,0,0,0,0,0,0,0,0,0,0,0,0,0,0,0,0,0,0,0,0,0,0,0,0,0,0,0,0,0,0,0,0,0,0,0,0,0,0.0
8/21,NA,173,234,269,273,231,503,509,810,975,833,546,1637,380,3958,444,1147,938,697,499,901,775,1834,891,661,72,445,281,497,223,0,0,0,0,0,0,0,0,0,0,0,0,0,0,0,0,0,0,0,0,0,0,0,0,0,0,0,0,0,0,0,0,0,0,0,0,0,0,0,0,0,0,0,0,0,0,0,0,0,0,0,0,0,0,0,0.0
8/22,NA,107,289,420,302,177,716,411,470,462,916,413,1418,470,3248,488,917,868,1270,584,586,817,1777,850,741,119,370,244,639,214,0,0,0,0,0,0,0,0,0,0,0,0,0,0,0,0,0,0,0,0,0,0,0,0,0,0,0,0,0,0,0,0,0,0,0,0,0,0,0,0,0,0,0,0,0,0,0,0,0,0,0,0,0,0,0,0.0
8/23,NA,88,373,285,268,137,789,293,355,366,1092,545,1217,531,2705,588,882,968,1039,450,362,1103,1523,918,682,267,308,264,577,219,0,0,0,0,0,0,0,0,0,0,0,0,0,0,0,0,0,0,0,0,0,0,0,0,0,0,0,0,0,0,0,0,0,0,0,0,0,0,0,0,0,0,0,0,0,0,0,0,0,0,0,0,0,0,0,0.0
8/24,NA,93,339,287,157,181,803,313,454,571,849,521,1144,822,2181,1079,919,1164,798,292,306,1732,919,816,639,415,271,296,481,249,0,0,0,0,0,0,0,0,0,0,0,0,0,0,0,0,0,0,0,0,0,0,0,0,0,0,0,0,0,0,0,0,0,0,0,0,0,0,0,0,0,0,0,0,0,0,0,0,0,0,0,0,0,0,0,0.0
8/25,NA,102,467,411,158,191,553,319,491,831,746,689,904,1015,1558,1031,1236,799,756,297,268,1860,954,840,541,408,304,341,401,265,0,0,0,0,0,0,0,0,0,0,0,0,0,0,0,0,0,0,0,0,0,0,0,0,0,0,0,0,0,0,0,0,0,0,0,0,0,0,0,0,0,0,0,0,0,0,0,0,0,0,0,0,0,0,0,0.0
8/26,NA,169,496,391,264,184,697,288,493,1057,748,628,769,1588,1393,934,1169,834,819,282,272,1994,1167,618,587,454,311,304,367,356,0,0,0,0,0,0,0,0,0,0,0,0,0,0,0,0,0,0,0,0,0,0,0,0,0,0,0,0,0,0,0,0,0,0,0,0,0,0,0,0,0,0,0,0,0,0,0,0,0,0,0,0,0,0,0,0.0
8/27,NA,167,453,280,234,224,422,267,527,1335,868,634,684,1558,1434,648,850,941,727,322,484,1730,1329,523,532,426,244,225,372,391,0,0,0,0,0,0,0,0,0,0,0,0,0,0,0,0,0,0,0,0,0,0,0,0,0,0,0,0,0,0,0,0,0,0,0,0,0,0,0,0,0,0,0,0,0,0,0,0,0,0,0,0,0,0,0,0.0
8/28,NA,230,446,294,226,233,215,345,557,1371,752,802,607,1215,1578,495,588,1159,737,504,799,1356,1347,440,441,482,222,231,330,331,0,0,0,0,0,0,0,0,0,0,0,0,0,0,0,0,0,0,0,0,0,0,0,0,0,0,0,0,0,0,0,0,0,0,0,0,0,0,0,0,0,0,0,0,0,0,0,0,0,0,0,0,0,0,0,0.0
8/29,NA,293,379,266,266,355,330,152,870,1155,740,609,560,927,1716,563,556,1279,617,1388,1119,1402,850,474,462,455,183,173,330,324,0,0,0,0,0,0,0,0,0,0,0,0,0,0,0,0,0,0,0,0,0,0,0,0,0,0,0,0,0,0,0,0,0,0,0,0,0,0,0,0,0,0,0,0,0,0,0,0,0,0,0,0,0,0,0,0.0
8/30,NA,299,281,246,214,385,226,100,864,864,631,574,792,909,1688,724,662,1015,430,1899,1485,1486,737,489,405,401,174,236,299,252,0,0,0,0,0,0,0,0,0,0,0,0,0,0,0,0,0,0,0,0,0,0,0,0,0,0,0,0,0,0,0,0,0,0,0,0,0,0,0,0,0,0,0,0,0,0,0,0,0,0,0,0,0,0,0,0.0
8/31,NA,559,328,352,220,249,214,256,1071,742,662,639,1030,906,1514,839,678,880,315,1740,1549,1171,762,570,424,334,208,304,268,254,0,0,0,0,0,0,0,0,0,0,0,0,0,0,0,0,0,0,0,0,0,0,0,0,0,0,0,0,0,0,0,0,0,0,0,0,0,0,0,0,0,0,0,0,0,0,0,0,0,0,0,0,0,0,0,0.0
9/1,NA,503,408,427,280,232,174,449,1170,704,485,707,1024,993,1015,1055,644,904,324,1378,1817,892,546,702,382,254,265,327,245,166,0,0,0,0,0,0,0,0,0,0,0,0,0,0,0,0,0,0,0,0,0,0,0,0,0,0,0,0,0,0,0,0,0,0,0,0,0,0,0,0,0,0,0,0,0,0,0,0,0,0,0,0,0,0,0,0.0
9/2,NA,250,330,429,230,297,144,298,917,805,577,663,892,873,973,1175,567,866,462,1060,1623,761,565,571,300,182,285,347,268,203,0,0,0,0,0,0,0,0,0,0,0,0,0,0,0,0,0,0,0,0,0,0,0,0,0,0,0,0,0,0,0,0,0,0,0,0,0,0,0,0,0,0,0,0,0,0,0,0,0,0,0,0,0,0,0,0.0
9/3,NA,205,283,609,164,300,150,367,788,951,570,739,1088,866,1422,1300,537,1034,786,847,1148,692,633,485,388,131,210,263,216,216,0,0,0,0,0,0,0,0,0,0,0,0,0,0,0,0,0,0,0,0,0,0,0,0,0,0,0,0,0,0,0,0,0,0,0,0,0,0,0,0,0,0,0,0,0,0,0,0,0,0,0,0,0,0,0,0.0
9/4,NA,183,291,650,214,298,242,451,665,983,429,610,1083,919,1422,1363,583,1214,871,658,867,499,622,440,349,164,137,325,246,163,0,0,0,0,0,0,0,0,0,0,0,0,0,0,0,0,0,0,0,0,0,0,0,0,0,0,0,0,0,0,0,0,0,0,0,0,0,0,0,0,0,0,0,0,0,0,0,0,0,0,0,0,0,0,0,0.0
9/5,NA,259,343,435,210,249,NA,316,577,628,336,562,1090,1135,1240,1191,448,724,734,618,690,684,587,402,304,149,106,226,201,275,0,0,0,0,0,0,0,0,0,0,0,0,0,0,0,0,0,0,0,0,0,0,0,0,0,0,0,0,0,0,0,0,0,0,0,0,0,0,0,0,0,0,0,0,0,0,0,0,0,0,0,0,0,0,0,0.0
9/6,NA,218,261,542,156,264,180,709,719,629,429,485,1021,1025,1035,1115,430,550,811,858,638,822,642,521,238,224,88,239,181,441,0,0,0,0,0,0,0,0,0,0,0,0,0,0,0,0,0,0,0,0,0,0,0,0,0,0,0,0,0,0,0,0,0,0,0,0,0,0,0,0,0,0,0,0,0,0,0,0,0,0,0,0,0,0,0,0.0
9/7,NA,209,372,412,104,195,158,310,598,1437,473,497,1026,949,690,1289,333,801,593,828,412,1209,786,587,220,251,66,212,177,442,0,0,0,0,0,0,0,0,0,0,0,0,0,0,0,0,0,0,0,0,0,0,0,0,0,0,0,0,0,0,0,0,0,0,0,0,0,0,0,0,0,0,0,0,0,0,0,0,0,0,0,0,0,0,0,0.0
9/8,NA,221,332,583,88,219,130,227,628,1603,603,494,951,963,935,1464,405,1272,738,814,285,1532,722,574,190,446,66,197,147,466,0,0,0,0,0,0,0,0,0,0,0,0,0,0,0,0,0,0,0,0,0,0,0,0,0,0,0,0,0,0,0,0,0,0,0,0,0,0,0,0,0,0,0,0,0,0,0,0,0,0,0,0,0,0,0,0.0
9/9,NA,342,284,397,123,175,188,340,681,1548,980,549,926,933,889,1090,340,1243,815,642,155,1649,791,490,216,362,62,229,121,354,0,0,0,0,0,0,0,0,0,0,0,0,0,0,0,0,0,0,0,0,0,0,0,0,0,0,0,0,0,0,0,0,0,0,0,0,0,0,0,0,0,0,0,0,0,0,0,0,0,0,0,0,0,0,0,0.0
9/10,NA,461,233,369,60,164,307,252,709,1289,808,564,837,851,1187,1073,408,956,621,681,358,2002,1030,462,253,306,69,211,175,259,0,0,0,0,0,0,0,0,0,0,0,0,0,0,0,0,0,0,0,0,0,0,0,0,0,0,0,0,0,0,0,0,0,0,0,0,0,0,0,0,0,0,0,0,0,0,0,0,0,0,0,0,0,0,0,0.0
9/11,NA,438,190,407,94,436,328,444,838,1037,628,398,731,1014,815,924,281,770,555,635,826,1739,845,414,263,358,57,179,161,231,0,0,0,0,0,0,0,0,0,0,0,0,0,0,0,0,0,0,0,0,0,0,0,0,0,0,0,0,0,0,0,0,0,0,0,0,0,0,0,0,0,0,0,0,0,0,0,0,0,0,0,0,0,0,0,0.0
9/12,NA,473,233,346,187,268,350,373,721,1145,458,405,843,846,733,762,422,874,532,549,1208,1681,562,358,282,295,84,161,141,202,0,0,0,0,0,0,0,0,0,0,0,0,0,0,0,0,0,0,0,0,0,0,0,0,0,0,0,0,0,0,0,0,0,0,0,0,0,0,0,0,0,0,0,0,0,0,0,0,0,0,0,0,0,0,0,0.0
9/13,NA,367,178,340,267,183,295,400,646,1104,412,367,717,758,705,762,312,762,498,595,1612,1142,496,336,246,309,61,168,118,229,0,0,0,0,0,0,0,0,0,0,0,0,0,0,0,0,0,0,0,0,0,0,0,0,0,0,0,0,0,0,0,0,0,0,0,0,0,0,0,0,0,0,0,0,0,0,0,0,0,0,0,0,0,0,0,0.0
9/14,NA,280,254,464,219,174,285,384,657,998,332,686,715,795,868,984,378,633,478,1142,1193,1324,499,352,264,358,84,114,112,234,0,0,0,0,0,0,0,0,0,0,0,0,0,0,0,0,0,0,0,0,0,0,0,0,0,0,0,0,0,0,0,0,0,0,0,0,0,0,0,0,0,0,0,0,0,0,0,0,0,0,0,0,0,0,0,0.0
9/15,NA,281,127,270,181,276,192,785,530,1138,347,730,647,739,946,922,312,491,786,1108,1036,812,482,355,212,247,129,110,104,187,0,0,0,0,0,0,0,0,0,0,0,0,0,0,0,0,0,0,0,0,0,0,0,0,0,0,0,0,0,0,0,0,0,0,0,0,0,0,0,0,0,0,0,0,0,0,0,0,0,0,0,0,0,0,0,0.0
9/16,NA,268,162,431,235,160,201,570,567,1166,295,758,468,551,533,914,243,546,820,759,775,955,522,250,220,195,152,106,107,189,0,0,0,0,0,0,0,0,0,0,0,0,0,0,0,0,0,0,0,0,0,0,0,0,0,0,0,0,0,0,0,0,0,0,0,0,0,0,0,0,0,0,0,0,0,0,0,0,0,0,0,0,0,0,0,0.0
9/17,NA,322,181,282,165,278,162,479,569,1131,237,590,606,579,390,714,227,517,540,820,573,960,599,252,241,228,134,114,111,162,0,0,0,0,0,0,0,0,0,0,0,0,0,0,0,0,0,0,0,0,0,0,0,0,0,0,0,0,0,0,0,0,0,0,0,0,0,0,0,0,0,0,0,0,0,0,0,0,0,0,0,0,0,0,0,0.0
9/18,NA,321,146,554,257,120,187,540,512,1144,255,467,600,599,513,558,261,510,548,776,573,694,630,260,167,156,144,120,72,148,0,0,0,0,0,0,0,0,0,0,0,0,0,0,0,0,0,0,0,0,0,0,0,0,0,0,0,0,0,0,0,0,0,0,0,0,0,0,0,0,0,0,0,0,0,0,0,0,0,0,0,0,0,0,0,0.0
9/19,NA,222,158,367,181,128,300,431,439,1100,331,443,537,447,706,483,279,935,507,705,496,902,422,233,162,160,118,122,80,153,0,0,0,0,0,0,0,0,0,0,0,0,0,0,0,0,0,0,0,0,0,0,0,0,0,0,0,0,0,0,0,0,0,0,0,0,0,0,0,0,0,0,0,0,0,0,0,0,0,0,0,0,0,0,0,0.0
9/20,NA,253,162,317,174,164,273,306,583,795,400,382,535,405,528,346,380,686,529,688,518,944,379,174,138,170,86,92,30,192,0,0,0,0,0,0,0,0,0,0,0,0,0,0,0,0,0,0,0,0,0,0,0,0,0,0,0,0,0,0,0,0,0,0,0,0,0,0,0,0,0,0,0,0,0,0,0,0,0,0,0,0,0,0,0,0.0
9/21,NA,204,334,340,143,298,345,413,458,801,396,456,472,344,559,226,472,686,566,648,382,1148,257,118,166,332,91,101,59,149,0,0,0,0,0,0,0,0,0,0,0,0,0,0,0,0,0,0,0,0,0,0,0,0,0,0,0,0,0,0,0,0,0,0,0,0,0,0,0,0,0,0,0,0,0,0,0,0,0,0,0,0,0,0,0,0.0
9/22,NA,193,319,249,173,210,283,384,533,790,271,344,500,381,483,200,354,510,454,531,395,803,286,94,180,361,105,70,50,197,0,0,0,0,0,0,0,0,0,0,0,0,0,0,0,0,0,0,0,0,0,0,0,0,0,0,0,0,0,0,0,0,0,0,0,0,0,0,0,0,0,0,0,0,0,0,0,0,0,0,0,0,0,0,0,0.0
9/23,NA,170,148,165,116,186,344,474,443,679,337,306,585,396,409,250,298,406,390,459,297,677,284,78,129,275,168,87,60,102,0,0,0,0,0,0,0,0,0,0,0,0,0,0,0,0,0,0,0,0,0,0,0,0,0,0,0,0,0,0,0,0,0,0,0,0,0,0,0,0,0,0,0,0,0,0,0,0,0,0,0,0,0,0,0,0.0
9/24,NA,128,141,203,73,188,237,325,468,697,274,196,456,386,362,279,194,252,457,448,320,635,294,67,96,183,151,69,84,102,0,0,0,0,0,0,0,0,0,0,0,0,0,0,0,0,0,0,0,0,0,0,0,0,0,0,0,0,0,0,0,0,0,0,0,0,0,0,0,0,0,0,0,0,0,0,0,0,0,0,0,0,0,0,0,0.0
9/25,NA,138,109,139,116,246,226,286,413,616,369,253,422,326,410,326,196,259,595,442,268,687,294,80,80,147,191,54,51,99,0,0,0,0,0,0,0,0,0,0,0,0,0,0,0,0,0,0,0,0,0,0,0,0,0,0,0,0,0,0,0,0,0,0,0,0,0,0,0,0,0,0,0,0,0,0,0,0,0,0,0,0,0,0,0,0.0
9/26,NA,129,70,257,96,142,136,476,255,605,362,372,307,432,467,279,205,297,613,346,207,672,272,99,77,124,189,72,48,98,0,0,0,0,0,0,0,0,0,0,0,0,0,0,0,0,0,0,0,0,0,0,0,0,0,0,0,0,0,0,0,0,0,0,0,0,0,0,0,0,0,0,0,0,0,0,0,0,0,0,0,0,0,0,0,0.0
9/27,NA,133,118,95,71,139,139,431,261,589,227,372,189,365,339,203,163,318,508,381,169,678,231,82,65,121,96,62,52,64,0,0,0,0,0,0,0,0,0,0,0,0,0,0,0,0,0,0,0,0,0,0,0,0,0,0,0,0,0,0,0,0,0,0,0,0,0,0,0,0,0,0,0,0,0,0,0,0,0,0,0,0,0,0,0,0.0
9/28,NA,139,114,128,83,105,128,270,210,485,274,351,257,314,398,131,161,265,386,330,143,664,235,68,84,134,87,49,28,61,0,0,0,0,0,0,0,0,0,0,0,0,0,0,0,0,0,0,0,0,0,0,0,0,0,0,0,0,0,0,0,0,0,0,0,0,0,0,0,0,0,0,0,0,0,0,0,0,0,0,0,0,0,0,0,0.0
9/29,NA,182,115,76,78,124,80,287,186,357,398,240,193,328,359,142,98,257,454,305,190,463,189,65,76,152,74,41,68,76,0,0,0,0,0,0,0,0,0,0,0,0,0,0,0,0,0,0,0,0,0,0,0,0,0,0,0,0,0,0,0,0,0,0,0,0,0,0,0,0,0,0,0,0,0,0,0,0,0,0,0,0,0,0,0,0.0
9/30,NA,82,73,79,119,133,49,292,207,285,309,259,162,219,320,98,106,305,424,285,110,481,168,54,81,99,72,53,48,69,0,0,0,0,0,0,0,0,0,0,0,0,0,0,0,0,0,0,0,0,0,0,0,0,0,0,0,0,0,0,0,0,0,0,0,0,0,0,0,0,0,0,0,0,0,0,0,0,0,0,0,0,0,0,0,0.0
10/1,NA,94,89,150,52,165,60,252,199,200,304,242,149,176,216,105,173,233,472,216,128,400,168,75,55,116,49,55,57,53,0,0,0,0,0,0,0,0,0,0,0,0,0,0,0,0,0,0,0,0,0,0,0,0,0,0,0,0,0,0,0,0,0,0,0,0,0,0,0,0,0,0,0,0,0,0,0,0,0,0,0,0,0,0,0,0.0
10/2,NA,96,57,126,61,120,145,141,203,244,143,263,129,156,279,131,160,186,457,191,133,434,137,81,39,60,44,47,76,39,0,0,0,0,0,0,0,0,0,0,0,0,0,0,0,0,0,0,0,0,0,0,0,0,0,0,0,0,0,0,0,0,0,0,0,0,0,0,0,0,0,0,0,0,0,0,0,0,0,0,0,0,0,0,0,0.0
10/3,NA,82,61,81,82,139,67,282,233,233,164,229,113,209,321,102,109,165,428,163,129,381,149,31,40,78,35,35,58,51,0,0,0,0,0,0,0,0,0,0,0,0,0,0,0,0,0,0,0,0,0,0,0,0,0,0,0,0,0,0,0,0,0,0,0,0,0,0,0,0,0,0,0,0,0,0,0,0,0,0,0,0,0,0,0,0.0
10/4,NA,72,81,53,93,108,67,266,238,210,108,147,128,173,252,77,108,190,360,181,134,302,137,108,50,108,68,45,71,48,0,0,0,0,0,0,0,0,0,0,0,0,0,0,0,0,0,0,0,0,0,0,0,0,0,0,0,0,0,0,0,0,0,0,0,0,0,0,0,0,0,0,0,0,0,0,0,0,0,0,0,0,0,0,0,0.0
10/5,NA,57,42,60,113,112,59,214,205,195,114,87,144,140,304,108,114,131,316,219,126,226,66,87,28,127,50,54,42,36,0,0,0,0,0,0,0,0,0,0,0,0,0,0,0,0,0,0,0,0,0,0,0,0,0,0,0,0,0,0,0,0,0,0,0,0,0,0,0,0,0,0,0,0,0,0,0,0,0,0,0,0,0,0,0,0.0
10/6,NA,49,51,57,86,91,26,161,245,163,110,124,133,112,296,70,145,110,278,260,106,207,66,71,37,112,51,19,23,43,0,0,0,0,0,0,0,0,0,0,0,0,0,0,0,0,0,0,0,0,0,0,0,0,0,0,0,0,0,0,0,0,0,0,0,0,0,0,0,0,0,0,0,0,0,0,0,0,0,0,0,0,0,0,0,0.0
10/7,NA,35,46,72,96,94,39,160,190,161,149,148,139,97,249,82,170,87,335,186,98,242,69,85,34,79,34,29,28,39,0,0,0,0,0,0,0,0,0,0,0,0,0,0,0,0,0,0,0,0,0,0,0,0,0,0,0,0,0,0,0,0,0,0,0,0,0,0,0,0,0,0,0,0,0,0,0,0,0,0,0,0,0,0,0,0.0
10/8,NA,47,67,43,105,88,44,143,259,171,132,109,140,117,196,51,152,89,306,235,113,204,52,77,53,46,31,20,24,29,0,0,0,0,0,0,0,0,0,0,0,0,0,0,0,0,0,0,0,0,0,0,0,0,0,0,0,0,0,0,0,0,0,0,0,0,0,0,0,0,0,0,0,0,0,0,0,0,0,0,0,0,0,0,0,0.0
10/9,NA,57,54,65,177,88,63,114,252,100,98,176,63,82,234,72,135,102,313,282,206,187,93,64,51,57,33,14,26,41,0,0,0,0,0,0,0,0,0,0,0,0,0,0,0,0,0,0,0,0,0,0,0,0,0,0,0,0,0,0,0,0,0,0,0,0,0,0,0,0,0,0,0,0,0,0,0,0,0,0,0,0,0,0,0,0.0
10/10,NA,36,27,54,136,106,29,102,157,109,96,133,76,81,144,58,126,102,219,205,127,148,78,43,44,62,29,16,36,18,0,0,0,0,0,0,0,0,0,0,0,0,0,0,0,0,0,0,0,0,0,0,0,0,0,0,0,0,0,0,0,0,0,0,0,0,0,0,0,0,0,0,0,0,0,0,0,0,0,0,0,0,0,0,0,0.0
10/11,NA,34,48,54,125,73,30,59,211,111,130,128,85,126,180,42,114,88,262,195,148,194,84,41,54,107,53,23,35,50,0,0,0,0,0,0,0,0,0,0,0,0,0,0,0,0,0,0,0,0,0,0,0,0,0,0,0,0,0,0,0,0,0,0,0,0,0,0,0,0,0,0,0,0,0,0,0,0,0,0,0,0,0,0,0,0.0
10/12,NA,26,34,32,59,77,27,114,167,111,101,84,79,109,120,31,89,72,222,174,124,192,62,22,42,62,55,12,32,26,0,0,0,0,0,0,0,0,0,0,0,0,0,0,0,0,0,0,0,0,0,0,0,0,0,0,0,0,0,0,0,0,0,0,0,0,0,0,0,0,0,0,0,0,0,0,0,0,0,0,0,0,0,0,0,0.0
10/13,NA,23,28,26,127,72,41,75,234,82,94,72,93,126,123,43,85,81,110,122,166,161,141,38,31,63,78,23,19,13,0,0,0,0,0,0,0,0,0,0,0,0,0,0,0,0,0,0,0,0,0,0,0,0,0,0,0,0,0,0,0,0,0,0,0,0,0,0,0,0,0,0,0,0,0,0,0,0,0,0,0,0,0,0,0,0.0
10/14,NA,26,11,63,73,54,17,157,276,72,78,99,53,76,150,44,77,30,116,56,122,126,128,28,19,29,47,24,18,15,0,0,0,0,0,0,0,0,0,0,0,0,0,0,0,0,0,0,0,0,0,0,0,0,0,0,0,0,0,0,0,0,0,0,0,0,0,0,0,0,0,0,0,0,0,0,0,0,0,0,0,0,0,0,0,0.0
10/15,NA,15,35,40,99,58,51,85,109,102,55,85,75,82,127,41,91,74,102,80,190,159,119,23,41,39,30,15,36,22,0,0,0,0,0,0,0,0,0,0,0,0,0,0,0,0,0,0,0,0,0,0,0,0,0,0,0,0,0,0,0,0,0,0,0,0,0,0,0,0,0,0,0,0,0,0,0,0,0,0,0,0,0,0,0,0.0
10/16,NA,19,24,53,59,46,39,80,94,120,48,104,38,55,138,47,47,79,152,99,166,109,76,21,21,22,37,20,29,29,0,0,0,0,0,0,0,0,0,0,0,0,0,0,0,0,0,0,0,0,0,0,0,0,0,0,0,0,0,0,0,0,0,0,0,0,0,0,0,0,0,0,0,0,0,0,0,0,0,0,0,0,0,0,0,0.0
10/17,NA,50,25,18,58,31,37,36,70,136,53,63,18,55,229,38,57,84,124,60,100,153,70,27,20,44,47,22,32,62,0,0,0,0,0,0,0,0,0,0,0,0,0,0,0,0,0,0,0,0,0,0,0,0,0,0,0,0,0,0,0,0,0,0,0,0,0,0,0,0,0,0,0,0,0,0,0,0,0,0,0,0,0,0,0,0.0
10/18,NA,57,29,21,52,50,37,60,119,348,32,77,29,53,304,41,70,121,141,50,104,104,61,26,25,22,20,10,51,69,0,0,0,0,0,0,0,0,0,0,0,0,0,0,0,0,0,0,0,0,0,0,0,0,0,0,0,0,0,0,0,0,0,0,0,0,0,0,0,0,0,0,0,0,0,0,0,0,0,0,0,0,0,0,0,0.0
10/19,NA,28,31,21,44,57,20,35,132,157,29,42,61,44,161,33,57,119,78,59,135,76,108,24,28,20,34,22,15,54,0,0,0,0,0,0,0,0,0,0,0,0,0,0,0,0,0,0,0,0,0,0,0,0,0,0,0,0,0,0,0,0,0,0,0,0,0,0,0,0,0,0,0,0,0,0,0,0,0,0,0,0,0,0,0,0.0
10/20,NA,16,23,2,89,24,36,29,123,51,15,76,52,37,113,20,38,107,67,78,88,64,68,24,26,11,15,13,31,24,0,0,0,0,0,0,0,0,0,0,0,0,0,0,0,0,0,0,0,0,0,0,0,0,0,0,0,0,0,0,0,0,0,0,0,0,0,0,0,0,0,0,0,0,0,0,0,0,0,0,0,0,0,0,0,0.0
10/21,NA,15,14,32,60,11,51,26,66,56,25,83,48,31,96,27,30,86,73,73,96,45,52,20,25,31,24,17,8,23,0,0,0,0,0,0,0,0,0,0,0,0,0,0,0,0,0,0,0,0,0,0,0,0,0,0,0,0,0,0,0,0,0,0,0,0,0,0,0,0,0,0,0,0,0,0,0,0,0,0,0,0,0,0,0,0.0
10/22,NA,29,7,27,52,36,77,30,80,59,27,87,32,29,77,44,29,64,48,63,57,60,76,24,25,11,13,20,14,31,0,0,0,0,0,0,0,0,0,0,0,0,0,0,0,0,0,0,0,0,0,0,0,0,0,0,0,0,0,0,0,0,0,0,0,0,0,0,0,0,0,0,0,0,0,0,0,0,0,0,0,0,0,0,0,0.0
10/23,NA,11,11,17,53,12,69,30,48,61,10,53,36,31,61,55,65,59,54,88,82,63,74,27,16,21,39,14,25,37,0,0,0,0,0,0,0,0,0,0,0,0,0,0,0,0,0,0,0,0,0,0,0,0,0,0,0,0,0,0,0,0,0,0,0,0,0,0,0,0,0,0,0,0,0,0,0,0,0,0,0,0,0,0,0,0.0
10/24,NA,35,14,17,39,16,9,41,42,70,30,55,27,18,64,27,36,57,55,54,66,107,44,21,13,2,27,9,1,37,0,0,0,0,0,0,0,0,0,0,0,0,0,0,0,0,0,0,0,0,0,0,0,0,0,0,0,0,0,0,0,0,0,0,0,0,0,0,0,0,0,0,0,0,0,0,0,0,0,0,0,0,0,0,0,0.0
10/25,NA,36,21,11,25,30,39,59,50,118,17,88,26,32,77,16,37,74,36,43,134,108,96,16,15,10,9,18,13,27,0,0,0,0,0,0,0,0,0,0,0,0,0,0,0,0,0,0,0,0,0,0,0,0,0,0,0,0,0,0,0,0,0,0,0,0,0,0,0,0,0,0,0,0,0,0,0,0,0,0,0,0,0,0,0,0.0
10/26,NA,19,23,9,25,12,28,34,33,104,29,47,25,32,75,40,28,46,41,35,109,128,61,12,12,8,18,8,8,29,0,0,0,0,0,0,0,0,0,0,0,0,0,0,0,0,0,0,0,0,0,0,0,0,0,0,0,0,0,0,0,0,0,0,0,0,0,0,0,0,0,0,0,0,0,0,0,0,0,0,0,0,0,0,0,0.0
10/27,NA,17,20,2,31,17,15,26,20,54,16,48,18,40,92,18,30,41,24,34,109,62,83,7,19,7,30,23,12,31,0,0,0,0,0,0,0,0,0,0,0,0,0,0,0,0,0,0,0,0,0,0,0,0,0,0,0,0,0,0,0,0,0,0,0,0,0,0,0,0,0,0,0,0,0,0,0,0,0,0,0,0,0,0,0,0.0
10/28,NA,20,18,6,19,22,8,33,33,32,-2,35,14,41,72,10,33,50,23,15,130,68,94,5,21,27,19,10,22,25,0,0,0,0,0,0,0,0,0,0,0,0,0,0,0,0,0,0,0,0,0,0,0,0,0,0,0,0,0,0,0,0,0,0,0,0,0,0,0,0,0,0,0,0,0,0,0,0,0,0,0,0,0,0,0,0.0
10/29,NA,21,24,10,46,46,10,19,80,49,8,45,20,33,56,10,10,55,29,36,50,61,89,1,34,16,22,11,29,59,0,0,0,0,0,0,0,0,0,0,0,0,0,0,0,0,0,0,0,0,0,0,0,0,0,0,0,0,0,0,0,0,0,0,0,0,0,0,0,0,0,0,0,0,0,0,0,0,0,0,0,0,0,0,0,0.0
10/30,NA,26,12,6,12,53,10,22,42,44,9,23,20,42,79,16,18,38,38,36,94,81,73,16,33,24,13,12,28,66,0,0,0,0,0,0,0,0,0,0,0,0,0,0,0,0,0,0,0,0,0,0,0,0,0,0,0,0,0,0,0,0,0,0,0,0,0,0,0,0,0,0,0,0,0,0,0,0,0,0,0,0,0,0,0,0.0
10/31,NA,4,6,9,5,24,6,15,48,54,16,37,31,24,84,21,22,32,34,23,79,52,130,6,36,18,14,16,18,35,0,0,0,0,0,0,0,0,0,0,0,0,0,0,0,0,0,0,0,0,0,0,0,0,0,0,0,0,0,0,0,0,0,0,0,0,0,0,0,0,0,0,0,0,0,0,0,0,0,0,0,0,0,0,0,0.0
11/1,NA,11,24,9,13,34,10,18,54,45,24,30,25,19,61,16,33,30,4,13,65,14,24,3,6,14,0,8,1,26,0,0,0,0,0,0,0,0,0,0,0,0,0,0,0,0,0,0,0,0,0,0,0,0,0,0,0,0,0,0,0,0,0,0,0,0,0,0,0,0,0,0,0,0,0,0,0,0,0,0,0,0,0,0,0,0.0
11/2,NA,9,21,2,12,26,7,25,41,35,16,53,27,15,63,15,1,47,46,0,62,-3,28,2,5,14,4,7,8,6,0,0,0,0,0,0,0,0,0,0,0,0,0,0,0,0,0,0,0,0,0,0,0,0,0,0,0,0,0,0,0,0,0,0,0,0,0,0,0,0,0,0,0,0,0,0,0,0,0,0,0,0,0,0,0,0.0
11/3,NA,30,16,4,7,12,3,32,108,48,10,48,30,25,53,9,7,67,29,6,53,4,30,7,6,-2,2,3,7,14,0,0,0,0,0,0,0,0,0,0,0,0,0,0,0,0,0,0,0,0,0,0,0,0,0,0,0,0,0,0,0,0,0,0,0,0,0,0,0,0,0,0,0,0,0,0,0,0,0,0,0,0,0,0,0,0.0
11/4,NA,13,13,4,5,11,8,27,86,33,8,38,30,13,58,22,5,50,42,16,50,6,25,0,4,2,6,5,10,20,0,0,0,0,0,0,0,0,0,0,0,0,0,0,0,0,0,0,0,0,0,NA,0,0,0,0,0,0,0,0,0,0,0,0,0,0,0,0,0,0,0,0,0,0,0,0,0,0,0,0,0,0,0,0,0,0.0
11/5,NA,8,7,2,11,9,7,22,118,37,15,28,32,18,29,12,25,53,23,8,-4,5,28,1,8,12,3,13,6,15,0,0,0,0,0,0,0,0,0,0,0,0,0,0,0,0,0,0,0,0,0,NA,0,0,0,0,0,0,0,0,0,0,0,0,0,0,0,0,0,0,0,0,0,0,0,0,0,0,0,0,0,0,0,0,0,0.0
11/6,NA,4,12,3,3,24,11,24,109,15,24,28,35,17,26,14,26,106,33,8,0,3,19,1,2,8,2,4,4,15,0,0,0,0,0,0,0,0,0,0,0,0,0,0,0,0,0,0,0,0,0,0,0,0,0,0,0,0,0,0,0,0,0,0,0,0,0,0,0,0,0,0,0,0,0,0,0,0,0,0,0,0,0,0,0,0.0
11/7,NA,20,20,6,8,8,11,14,69,27,3,23,20,14,22,36,17,54,36,34,3,7,14,6,2,2,1,4,15,16,0,0,0,0,0,0,0,0,0,0,0,0,0,0,0,0,0,0,0,0,0,0,0,0,0,0,0,0,0,0,0,0,0,0,0,0,0,0,0,0,0,0,0,0,0,0,0,0,0,0,0,0,0,0,0,0.0
11/8,NA,30,5,4,1,10,5,11,89,19,18,18,18,8,28,14,17,18,23,25,21,3,21,7,10,5,-1,5,6,10,0,0,0,0,0,0,0,0,0,0,0,0,0,0,0,0,0,0,0,0,0,0,0,0,0,0,0,0,0,0,0,0,0,0,0,0,0,0,0,0,0,0,0,0,0,0,0,0,0,0,0,0,0,0,0,0.0
11/9,NA,18,5,5,6,2,4,8,54,27,9,18,22,10,17,15,38,2,35,5,27,17,19,2,4,7,5,6,8,0,0,0,0,0,0,0,0,0,0,0,0,0,0,0,0,0,0,0,0,0,0,0,0,0,0,0,0,0,0,0,0,0,0,0,0,0,0,0,0,0,0,0,0,0,0,0,0,0,0,0,0,0,0,0,0,0.0
11/10,NA,13,4,4,3,4,5,9,39,24,14,11,15,23,12,22,14,25,34,6,49,17,14,1,7,3,4,1,8,18,0,0,0,0,0,0,0,0,0,0,0,0,0,0,0,0,0,0,0,0,0,0,0,0,0,0,0,0,0,0,0,0,0,0,0,0,0,0,0,0,0,0,0,0,0,0,0,0,0,0,0,0,0,0,0,0.0
11/11,NA,19,5,4,5,12,7,7,36,15,21,10,24,10,15,15,12,66,27,8,39,5,7,1,0,11,7,6,-1,11,0,0,0,0,0,0,0,0,0,0,0,0,0,0,0,0,0,0,0,0,0,0,0,0,0,0,0,0,0,0,0,0,0,0,0,0,0,0,0,0,0,0,0,0,0,0,0,0,0,0,0,0,0,0,0,0.0
11/12,NA,8,6,5,1,3,5,10,29,10,14,9,11,14,19,23,17,68,24,6,2,5,11,6,4,-1,4,3,4,11,0,0,0,0,0,0,0,0,0,0,0,0,0,0,0,0,0,0,0,0,0,0,0,0,0,0,0,0,0,0,0,0,0,0,0,0,0,0,0,0,0,0,0,0,0,0,0,0,0,0,0,0,0,0,0,0.0
11/13,NA,12,5,6,2,8,6,7,22,17,14,20,10,10,17,5,12,108,13,22,-9,8,-3,1,3,-1,0,7,4,1,0,0,0,0,0,0,0,0,0,0,0,0,0,0,0,0,0,0,0,0,0,0,0,0,0,0,0,0,0,0,0,0,0,0,0,0,0,0,0,0,0,0,0,0,0,0,0,0,0,0,0,0,0,0,0,0.0
11/14,NA,5,4,3,1,5,1,10,38,20,7,12,8,15,18,2,18,147,20,9,1,16,6,1,3,5,3,4,12,6,0,0,0,0,0,0,0,0,0,0,0,0,0,0,0,0,0,0,0,0,0,0,NA,0,0,0,0,0,0,0,0,0,0,0,0,0,0,0,0,0,0,0,0,0,0,0,0,0,0,0,0,0,0,0,0,0.0
11/15,NA,7,3,7,0,3,2,7,19,26,9,16,16,10,5,16,18,80,13,6,22,10,6,0,0,2,6,8,19,10,0,0,0,0,0,0,0,0,0,0,0,0,0,0,0,0,0,0,0,0,0,0,NA,0,0,0,0,0,0,0,0,0,0,0,0,0,0,0,0,0,0,0,0,0,0,0,0,0,0,0,0,0,0,0,0,0.0
11/16,NA,4,26,6,1,2,1,9,17,13,6,8,18,14,11,31,20,111,13,17,51,NA,NA,NA,NA,NA,NA,NA,NA,NA,NA,NA,NA,NA,0,0,0,0,0,NA,NA,NA,NA,NA,NA,NA,NA,NA,NA,NA,NA,NA,NA,0,0,0,0,0,0,0,0,0,0,0,0,0,0,0,0,0,0,0,0,0,0,0,0,0,0,0,0,0,0,0,0,0.0
11/17,NA,6,18,4,1,2,2,13,25,17,5,11,18,15,6,18,14,68,15,1,0,NA,NA,NA,NA,NA,NA,NA,NA,NA,NA,NA,NA,NA,0,0,0,0,0,NA,NA,NA,NA,NA,NA,NA,NA,NA,NA,NA,NA,NA,NA,0,0,0,0,0,0,0,0,0,0,0,0,0,0,0,0,0,0,0,0,0,0,0,0,0,0,0,0,0,0,0,0,0.0
11/18,NA,6,19,4,1,2,4,17,20,23,7,10,12,31,10,14,11,84,7,1,0,NA,NA,NA,NA,NA,NA,NA,NA,NA,NA,NA,NA,NA,0,0,0,0,0,NA,NA,NA,NA,NA,NA,NA,NA,NA,NA,NA,NA,NA,NA,0,0,0,0,0,0,0,0,0,0,0,0,0,0,0,0,0,0,0,0,0,0,0,0,0,0,0,0,0,0,0,0,0.0
11/19,NA,4,12,3,8,1,2,14,13,19,9,11,16,26,19,20,13,59,11,-1,3,NA,NA,NA,NA,NA,NA,NA,NA,NA,NA,NA,NA,NA,0,0,0,0,0,NA,NA,NA,NA,NA,NA,NA,NA,NA,NA,NA,NA,NA,NA,0,0,0,0,0,0,0,0,0,0,0,0,0,0,0,0,0,0,0,0,0,0,0,0,0,0,0,0,0,0,0,0,0.0
11/20,NA,1,10,13,7,6,2,6,26,17,12,6,22,35,8,26,12,46,7,7,5,NA,NA,NA,NA,NA,NA,NA,NA,NA,NA,NA,NA,NA,0,0,0,0,0,NA,NA,NA,NA,NA,NA,NA,NA,NA,NA,NA,NA,NA,NA,0,0,0,0,0,0,0,0,0,0,0,0,0,0,0,0,0,0,0,0,0,0,0,0,0,0,0,0,0,0,0,0,0.0
11/21,NA,1,11,1,11,4,2,6,26,16,5,7,16,17,19,14,12,25,2,19,2,NA,NA,NA,NA,NA,NA,NA,NA,NA,NA,NA,NA,NA,0,0,0,0,0,NA,NA,NA,NA,NA,NA,NA,NA,NA,NA,NA,NA,NA,NA,0,0,0,0,0,0,0,0,0,0,0,0,0,0,0,0,0,0,0,0,0,0,0,0,0,0,0,0,0,0,0,0,0.0
11/22,NA,1,6,3,-2,3,6,14,10,16,9,10,22,24,14,19,29,33,12,9,36,NA,NA,NA,NA,NA,NA,NA,NA,NA,NA,NA,NA,NA,0,0,0,0,NA,NA,NA,NA,NA,NA,NA,NA,NA,NA,NA,NA,NA,NA,NA,NA,0,0,0,0,0,0,0,0,0,0,0,0,0,0,0,0,0,0,0,0,0,0,0,0,0,0,0,0,0,0,0,0.0
11/23,NA,-1,5,0,4,1,6,6,19,18,13,6,19,18,11,6,28,17,10,7,31,NA,NA,NA,NA,NA,NA,NA,NA,NA,NA,NA,NA,NA,0,0,0,0,0,NA,NA,NA,NA,NA,NA,NA,NA,NA,NA,NA,NA,NA,NA,NA,NA,0,0,0,0,0,0,0,0,0,0,0,0,0,0,0,0,0,0,0,0,0,0,0,0,0,0,0,0,0,0,0.0
11/24,NA,2,10,2,1,2,2,8,25,13,13,4,14,17,4,7,22,6,7,-1,18,NA,NA,NA,NA,NA,NA,NA,NA,NA,NA,NA,NA,NA,0,0,0,0,0,NA,NA,NA,NA,NA,NA,NA,NA,NA,NA,NA,NA,NA,NA,NA,NA,NA,0,0,0,0,0,0,0,0,0,0,0,0,0,0,0,0,0,0,0,0,0,0,0,0,0,0,0,0,0,0.0
11/25,NA,2,10,5,2,1,4,2,25,11,9,13,15,13,10,3,26,15,11,5,26,NA,NA,NA,NA,NA,NA,NA,NA,NA,NA,NA,NA,NA,0,0,0,0,0,NA,NA,NA,NA,NA,NA,NA,NA,NA,NA,NA,NA,NA,NA,NA,NA,NA,0,0,0,0,0,0,0,0,0,0,0,0,0,0,0,0,0,0,0,0,0,0,0,0,0,0,0,0,0,0.0
11/26,NA,1,13,5,2,2,0,9,22,38,13,10,12,7,9,9,10,6,7,3,17,NA,NA,NA,NA,NA,NA,NA,NA,NA,NA,NA,NA,NA,0,0,0,0,0,NA,NA,NA,NA,NA,NA,NA,NA,NA,NA,NA,NA,NA,NA,NA,NA,NA,NA,0,0,0,0,0,0,0,0,0,0,0,0,0,0,0,0,0,0,0,0,0,0,0,0,0,0,0,0,0.0
11/27,NA,3,12,1,2,1,7,3,13,31,18,8,3,12,13,7,13,2,9,3,17,NA,NA,NA,NA,NA,NA,NA,NA,NA,NA,NA,NA,NA,0,0,0,0,0,NA,NA,NA,NA,NA,NA,NA,NA,NA,NA,NA,NA,NA,NA,NA,NA,NA,NA,NA,0,0,0,0,0,0,0,0,0,0,0,0,0,0,0,0,0,0,0,0,0,0,0,0,0,0,0,0.0
11/28,NA,0,12,-1,2,6,1,4,25,31,3,4,5,13,17,14,11,23,9,4,3,NA,NA,NA,NA,NA,NA,NA,NA,NA,NA,NA,NA,NA,0,0,0,0,0,NA,NA,NA,NA,NA,NA,NA,NA,NA,NA,NA,NA,NA,NA,NA,NA,NA,NA,NA,0,0,0,0,0,0,0,0,0,0,0,NA,0,0,0,0,0,0,0,0,0,0,0,0,0,0,0,0.0
11/29,NA,0,9,1,1,4,2,7,14,35,8,5,6,15,13,4,11,13,5,0,-13,NA,NA,NA,NA,NA,NA,NA,NA,NA,NA,NA,NA,NA,0,0,0,0,0,NA,NA,NA,NA,NA,NA,NA,NA,NA,NA,NA,NA,NA,NA,NA,NA,NA,NA,NA,0,NA,0,NA,0,0,NA,0,0,0,0,NA,NA,0,0,0,0,0,0,0,0,0,0,0,0,0,0,0.0
11/30,NA,3,8,2,1,3,2,2,15,28,7,7,5,15,11,9,10,12,2,10,14,NA,NA,NA,NA,NA,NA,NA,NA,NA,NA,NA,NA,NA,0,0,0,0,0,NA,NA,NA,NA,NA,NA,NA,NA,NA,NA,NA,NA,NA,NA,NA,NA,NA,NA,NA,0,NA,0,NA,0,0,NA,NA,0,0,NA,NA,NA,NA,NA,NA,0,0,0,0,0,0,0,0,0,0,0,0.0
12/1,NA,0,1,7,2,1,4,4,20,15,9,9,12,15,6,8,10,11,3,-3,19,NA,NA,NA,NA,NA,NA,NA,NA,NA,NA,NA,NA,NA,NA,NA,NA,NA,NA,NA,NA,NA,NA,NA,NA,NA,NA,NA,NA,NA,NA,NA,NA,NA,NA,NA,NA,NA,NA,NA,NA,NA,NA,NA,NA,NA,NA,0,NA,NA,NA,NA,NA,NA,0,0,0,0,0,0,0,0,0,0,0,0.0
12/2,NA,3,3,1,5,1,2,7,18,17,25,8,5,11,14,4,14,19,-1,12,0,NA,NA,NA,NA,NA,NA,NA,NA,NA,NA,NA,NA,NA,NA,NA,NA,NA,NA,NA,NA,NA,NA,NA,NA,NA,NA,NA,NA,NA,NA,NA,NA,NA,NA,NA,NA,NA,NA,NA,NA,NA,NA,NA,NA,NA,NA,NA,NA,NA,NA,NA,NA,NA,0,0,0,0,0,0,0,0,0,0,0,0.0
12/3,NA,0,5,6,1,1,1,5,14,10,7,5,4,9,8,7,1,9,4,8,0,NA,NA,NA,NA,NA,NA,NA,NA,NA,NA,NA,NA,NA,NA,NA,NA,NA,NA,NA,NA,NA,NA,NA,NA,NA,NA,NA,NA,NA,NA,NA,NA,NA,NA,NA,NA,NA,NA,NA,NA,NA,NA,NA,NA,NA,NA,NA,NA,NA,NA,NA,NA,NA,0,0,0,0,0,0,0,0,0,0,0,0.0
12/4,NA,1,14,4,4,3,6,4,9,14,3,3,6,11,7,10,0,31,2,17,-11,NA,NA,NA,NA,NA,NA,NA,NA,NA,NA,NA,NA,NA,NA,NA,NA,NA,NA,NA,NA,NA,NA,NA,NA,NA,NA,NA,NA,NA,NA,NA,NA,NA,NA,NA,NA,NA,NA,NA,NA,NA,NA,NA,NA,NA,NA,NA,NA,NA,NA,NA,NA,NA,0,0,0,0,0,0,0,0,0,0,0,0.0
12/5,NA,0,2,4,2,1,0,12,15,14,3,4,6,10,1,6,4,17,0,7,-8,NA,NA,NA,NA,NA,NA,NA,NA,NA,NA,NA,NA,NA,NA,NA,NA,NA,NA,NA,NA,NA,NA,NA,NA,NA,NA,NA,NA,NA,NA,NA,NA,NA,NA,NA,NA,NA,NA,NA,NA,NA,NA,NA,NA,NA,NA,NA,NA,NA,NA,NA,NA,NA,0,0,0,0,0,0,0,0,0,0,0,0.0
12/6,NA,2,4,8,1,3,0,5,11,18,10,4,11,11,7,4,10,16,2,8,27,NA,NA,NA,NA,NA,NA,NA,NA,NA,NA,NA,NA,NA,NA,NA,NA,NA,NA,NA,NA,NA,NA,NA,NA,NA,NA,NA,NA,NA,NA,NA,NA,NA,NA,NA,NA,NA,NA,NA,NA,NA,NA,NA,NA,NA,NA,NA,NA,NA,NA,NA,NA,NA,0,0,0,0,0,0,0,0,0,0,0,0.0
12/7,NA,0,6,6,-2,1,5,1,27,16,6,0,14,4,3,2,14,19,1,9,32,NA,NA,NA,NA,NA,NA,NA,NA,NA,NA,NA,NA,NA,NA,NA,NA,NA,NA,NA,NA,NA,NA,NA,NA,NA,NA,NA,NA,NA,NA,NA,NA,NA,NA,NA,NA,NA,NA,NA,NA,NA,NA,NA,NA,NA,NA,NA,NA,NA,NA,NA,NA,NA,0,0,0,0,0,0,0,0,0,0,0,0.0
12/8,NA,0,5,0,0,2,2,5,18,18,1,3,17,8,8,4,8,25,-3,3,-7,NA,NA,NA,NA,NA,NA,NA,NA,NA,NA,NA,NA,NA,NA,NA,NA,NA,NA,NA,NA,NA,NA,NA,NA,NA,NA,NA,NA,NA,NA,NA,NA,NA,NA,NA,NA,NA,NA,NA,NA,NA,NA,NA,NA,NA,NA,NA,NA,NA,NA,NA,NA,NA,0,0,0,0,0,0,0,0,0,0,0,0.0
12/9,NA,0,4,2,1,0,4,4,1,19,6,4,12,19,9,5,20,12,2,9,13,NA,NA,NA,NA,NA,NA,NA,NA,NA,NA,NA,NA,NA,NA,NA,NA,NA,NA,NA,NA,NA,NA,NA,NA,NA,NA,NA,NA,NA,NA,NA,NA,NA,NA,NA,NA,NA,NA,NA,NA,NA,NA,NA,NA,NA,NA,NA,NA,NA,NA,NA,NA,NA,0,0,0,0,0,0,0,0,0,0,0,0.0
12/10,NA,4,-1,6,0,3,3,5,3,14,8,11,4,7,6,8,11,7,4,8,10,NA,NA,NA,NA,NA,NA,NA,NA,NA,NA,NA,NA,NA,NA,NA,NA,NA,NA,NA,NA,NA,NA,NA,NA,NA,NA,NA,NA,NA,NA,NA,NA,NA,NA,NA,NA,NA,NA,NA,NA,NA,NA,NA,NA,NA,NA,NA,NA,NA,NA,NA,NA,NA,0,0,0,0,0,0,0,0,0,0,0,0.0
12/11,NA,0,3,3,0,7,9,9,9,14,8,6,8,11,3,3,14,18,0,9,4,NA,NA,NA,NA,NA,NA,NA,NA,NA,NA,NA,NA,NA,NA,NA,NA,NA,NA,NA,NA,NA,NA,NA,NA,NA,NA,NA,NA,NA,NA,NA,NA,NA,NA,NA,NA,NA,NA,NA,NA,NA,NA,NA,NA,NA,NA,NA,NA,NA,NA,NA,NA,NA,0,0,0,0,0,0,0,0,0,0,0,0.0
12/12,NA,0,11,4,1,1,8,7,23,11,1,7,14,21,2,5,13,22,0,3,10,NA,NA,NA,NA,NA,NA,NA,NA,NA,NA,NA,NA,NA,NA,NA,NA,NA,NA,NA,NA,NA,NA,NA,NA,NA,NA,NA,NA,NA,NA,NA,NA,NA,NA,NA,NA,NA,NA,NA,NA,NA,NA,NA,NA,NA,NA,NA,NA,NA,NA,NA,NA,NA,0,0,0,0,0,0,0,0,0,0,0,0.0
12/13,NA,0,7,3,5,5,8,10,29,18,8,14,12,11,16,9,12,17,2,2,1,NA,NA,NA,NA,NA,NA,NA,NA,NA,NA,NA,NA,NA,NA,NA,NA,NA,NA,NA,NA,NA,NA,NA,NA,NA,NA,NA,NA,NA,NA,NA,NA,NA,NA,NA,NA,NA,NA,NA,NA,NA,NA,NA,NA,NA,NA,NA,NA,NA,NA,NA,NA,NA,0,0,0,0,0,0,0,0,0,0,0,0.0
12/14,NA,0,24,4,0,0,2,11,36,7,4,7,6,14,8,6,18,16,0,4,2,NA,NA,NA,NA,NA,NA,NA,NA,NA,NA,NA,NA,NA,NA,NA,NA,NA,NA,NA,NA,NA,NA,NA,NA,NA,NA,NA,NA,NA,NA,NA,NA,NA,NA,NA,NA,NA,NA,NA,NA,NA,NA,NA,NA,NA,NA,NA,NA,NA,NA,NA,NA,NA,0,0,0,0,0,0,0,0,0,0,0,0.0
12/15,NA,0,10,3,0,1,6,7,32,8,2,6,2,3,1,3,14,6,0,2,6,NA,NA,NA,NA,NA,NA,NA,NA,NA,NA,NA,NA,NA,NA,NA,NA,NA,NA,NA,NA,NA,NA,NA,NA,NA,NA,NA,NA,NA,NA,NA,NA,NA,NA,NA,NA,NA,NA,NA,NA,NA,NA,NA,NA,NA,NA,NA,NA,NA,NA,NA,NA,NA,0,0,0,0,0,0,0,0,0,0,0,0.0
12/16,NA,2,12,3,5,2,6,3,12,3,4,16,1,12,3,-1,13,5,0,3,-60,NA,NA,NA,NA,NA,NA,NA,NA,NA,NA,NA,NA,NA,NA,NA,NA,NA,NA,NA,NA,NA,NA,NA,NA,NA,NA,NA,NA,NA,NA,NA,NA,NA,NA,NA,NA,NA,NA,NA,NA,NA,NA,NA,NA,NA,NA,NA,NA,NA,NA,NA,NA,NA,0,0,0,0,0,0,0,0,0,0,0,0.0
12/17,NA,0,14,3,1,3,0,3,13,10,1,6,26,13,7,1,9,18,2,0,-23,NA,NA,NA,NA,NA,NA,NA,NA,NA,NA,NA,NA,NA,NA,NA,NA,NA,NA,NA,NA,NA,NA,NA,NA,NA,NA,NA,NA,NA,NA,NA,NA,NA,NA,NA,NA,NA,NA,NA,NA,NA,NA,NA,NA,NA,NA,NA,NA,NA,NA,NA,NA,NA,0,0,0,0,0,0,0,0,0,0,0,0.0
12/18,NA,0,9,2,1,0,7,1,13,2,2,3,7,11,5,-1,3,16,0,8,-37,NA,NA,NA,NA,NA,NA,NA,NA,NA,NA,NA,NA,NA,NA,NA,NA,NA,NA,NA,NA,NA,NA,NA,NA,NA,NA,NA,NA,NA,NA,NA,NA,NA,NA,NA,NA,NA,NA,NA,NA,NA,NA,NA,NA,NA,NA,NA,NA,NA,NA,NA,NA,NA,0,0,0,0,0,0,0,0,0,0,0,0.0
12/19,NA,2,3,0,0,1,2,-1,11,14,0,3,5,14,6,2,20,6,0,2,-28,NA,NA,NA,NA,NA,NA,NA,NA,NA,NA,NA,NA,NA,NA,NA,NA,NA,NA,NA,NA,NA,NA,NA,NA,NA,NA,NA,NA,NA,NA,NA,NA,NA,NA,NA,NA,NA,NA,NA,NA,NA,NA,NA,NA,NA,NA,NA,NA,NA,NA,NA,NA,NA,0,0,0,0,0,0,0,0,0,0,0,0.0
12/20,NA,0,7,5,16,0,7,0,14,7,3,9,-1,4,11,1,16,14,0,2,6,NA,NA,NA,NA,NA,NA,NA,NA,NA,NA,NA,NA,NA,NA,NA,NA,NA,NA,NA,NA,NA,NA,NA,NA,NA,NA,NA,NA,NA,NA,NA,NA,NA,NA,NA,NA,NA,NA,NA,NA,NA,NA,NA,NA,NA,NA,NA,NA,NA,NA,NA,NA,NA,0,0,0,0,0,0,0,0,0,0,0,0.0
12/21,NA,0,9,7,8,5,4,6,7,10,2,10,2,13,5,0,13,8,0,1,14,NA,NA,NA,NA,NA,NA,NA,NA,NA,NA,NA,NA,NA,NA,NA,NA,NA,NA,NA,NA,NA,NA,NA,NA,NA,NA,NA,NA,NA,NA,NA,NA,NA,NA,NA,NA,NA,NA,NA,NA,NA,NA,NA,NA,NA,NA,NA,NA,NA,NA,NA,NA,NA,0,0,0,0,0,0,0,0,0,0,0,0.0
12/22,NA,1,10,3,7,3,0,4,16,8,0,4,3,12,5,0,6,12,1,2,17,NA,NA,NA,NA,NA,NA,NA,NA,NA,NA,NA,NA,NA,NA,NA,NA,NA,NA,NA,NA,NA,NA,NA,NA,NA,NA,NA,NA,NA,NA,NA,NA,NA,NA,NA,NA,NA,NA,NA,NA,NA,NA,NA,NA,NA,NA,NA,NA,NA,NA,NA,NA,NA,0,0,0,0,0,0,0,0,0,0,0,0.0
12/23,NA,0,9,5,6,2,2,2,10,12,1,8,1,6,1,0,10,5,8,3,20,NA,NA,NA,NA,NA,NA,NA,NA,NA,NA,NA,NA,NA,NA,NA,NA,NA,NA,NA,NA,NA,NA,NA,NA,NA,NA,NA,NA,NA,NA,NA,NA,NA,NA,NA,NA,NA,NA,NA,NA,NA,NA,NA,NA,NA,NA,NA,NA,NA,NA,NA,NA,NA,0,0,0,0,0,0,0,0,0,0,0,0.0
12/24,NA,1,12,1,1,3,0,2,10,13,1,8,1,4,7,0,3,14,16,8,6,NA,NA,NA,NA,NA,NA,NA,NA,NA,NA,NA,NA,NA,NA,NA,NA,NA,NA,NA,NA,NA,NA,NA,NA,NA,NA,NA,NA,NA,NA,NA,NA,NA,NA,NA,NA,NA,NA,NA,NA,NA,NA,NA,NA,NA,NA,NA,NA,NA,NA,NA,NA,NA,0,0,0,0,0,0,0,0,0,0,0,0.0
12/25,NA,1,15,1,5,2,0,7,24,12,1,6,1,7,3,1,4,20,2,2,7,NA,NA,NA,NA,NA,NA,NA,NA,NA,NA,NA,NA,NA,NA,NA,NA,NA,NA,NA,NA,NA,NA,NA,NA,NA,NA,NA,NA,NA,NA,NA,NA,NA,NA,NA,NA,NA,NA,NA,NA,NA,NA,NA,NA,NA,NA,NA,NA,NA,NA,NA,NA,NA,0,0,0,0,0,0,0,0,0,0,0,0.0
12/26,NA,1,15,0,2,2,5,2,10,18,0,5,3,9,8,0,1,14,8,1,8,NA,NA,NA,NA,NA,NA,NA,NA,NA,NA,NA,NA,NA,NA,NA,NA,NA,NA,NA,NA,NA,NA,NA,NA,NA,NA,NA,NA,NA,NA,NA,NA,NA,NA,NA,NA,NA,NA,NA,NA,NA,NA,NA,NA,NA,NA,NA,NA,NA,NA,NA,NA,NA,0,0,0,0,0,0,0,0,0,0,0,0.0
12/27,NA,6,5,1,0,1,2,2,7,20,2,2,5,6,6,0,1,12,2,2,10,NA,NA,NA,NA,NA,NA,NA,NA,NA,NA,NA,NA,NA,NA,NA,NA,NA,NA,NA,NA,NA,NA,NA,NA,NA,NA,NA,NA,NA,NA,NA,NA,NA,NA,NA,NA,NA,NA,NA,NA,NA,NA,NA,NA,NA,NA,NA,NA,NA,NA,NA,NA,NA,0,0,0,0,0,0,0,0,0,0,0,0.0
12/28,NA,7,7,4,2,2,0,4,6,12,2,7,7,24,2,11,1,7,-2,0,9,NA,NA,NA,NA,NA,NA,NA,NA,NA,NA,NA,NA,NA,NA,NA,NA,NA,NA,NA,NA,NA,NA,NA,NA,NA,NA,NA,NA,NA,NA,NA,NA,NA,NA,NA,NA,NA,NA,NA,NA,NA,NA,NA,NA,NA,NA,NA,NA,NA,NA,NA,NA,NA,0,0,0,0,0,0,0,0,0,0,0,0.0
12/29,NA,5,NA,3,0,1,7,3,10,18,2,4,37,7,1,1,5,17,-2,0,8,NA,NA,NA,NA,NA,NA,NA,NA,NA,NA,NA,NA,NA,NA,NA,NA,NA,NA,NA,NA,NA,NA,NA,NA,NA,NA,NA,NA,NA,NA,NA,NA,NA,NA,NA,NA,NA,NA,NA,NA,NA,NA,NA,NA,NA,NA,NA,NA,NA,NA,NA,NA,NA,0,0,0,0,0,0,0,0,0,0,0,0.0
12/30,NA,5,NA,0,1,3,35,0,8,15,0,-1,11,9,5,1,2,19,-1,-2,-3,NA,NA,NA,NA,NA,NA,NA,NA,NA,NA,NA,NA,NA,NA,NA,NA,NA,NA,NA,NA,NA,NA,NA,NA,NA,NA,NA,NA,NA,NA,NA,NA,NA,NA,NA,NA,NA,NA,NA,NA,NA,NA,NA,NA,NA,NA,NA,NA,NA,NA,NA,NA,NA,0,0,0,0,0,0,0,0,0,0,0,0.0
12/31,NA,0,NA,5,5,3,7,-1,10,7,-1,2,12,13,5,1,2,1,0,1,0,NA,NA,NA,NA,NA,NA,NA,NA,NA,NA,NA,NA,NA,NA,NA,NA,NA,NA,NA,NA,NA,NA,NA,NA,NA,NA,NA,NA,NA,NA,NA,NA,NA,NA,NA,NA,NA,NA,NA,NA,NA,NA,NA,NA,NA,NA,NA,NA,NA,NA,NA,NA,NA,0,0,0,0,0,0,0,0,0,0,0,0.0
,,,,,,,,,,,,,,,,,,,,,,,,,,,,,,,,,,,,,,,,,,,,,,,,,,,,,,,,,,,,,,,,,,,,,,,,,,,,,,,,,,,,,,
,,,,,,,,,,,,,,,,,,,,,,,,,,,,,,,,,,,,,,,,,,,,,,,,,,,,,,,,,,,,,,,,,,,,,,,,,,,,,,,,,,,,,,
Notes:,,,,,,,,,,,,,,,,,,,,,,,,,,,,,,,,,,,,,,,,,,,,,,,,,,,,,,,,,,,,,,,,,,,,,,,,,,,,,,,,,,,,,,
Columbia River DART,,,,,,,,,,,,,,,,,,,,,,,,,,,,,,,,,,,,,,,,,,,,,,,,,,,,,,,,,,,,,,,,,,,,,,,,,,,,,,,,,,,,,,
Generated 20 Jul 2023 11:02:19 PDT. DART Adult Passage Counts Graphics & Text www.cbr.washington.edu/dart/query/adult_graph_text.,,,,,,,,,,,,,,,,,,,,,,,,,,,,,,,,,,,,,,,,,,,,,,,,,,,,,,,,,,,,,,,,,,,,,,,,,,,,,,,,,,,,,,
,,,,,,,,,,,,,,,,,,,,,,,,,,,,,,,,,,,,,,,,,,,,,,,,,,,,,,,,,,,,,,,,,,,,,,,,,,,,,,,,,,,,,,
"DART Data Citation. Columbia River DART, Columbia Basin Research, University of Washington. (2023). Adult Passage Counts Graphics & Text. Available from https://www.cbr.washington.edu/dart/query/adult_graph_text.",,,,,,,,,,,,,,,,,,,,,,,,,,,,,,,,,,,,,,,,,,,,,,,,,,,,,,,,,,,,,,,,,,,,,,,,,,,,,,,,,,,,,,